<?xml version="1.0" encoding="utf-8"?>
<skin>
	<information>
		<name>반응형 자동차블로그1</name>
		<version>1.2.0</version>
		<description>
			<![CDATA[ 반응형으로 제작된 자동차 블로그를 주제로 만든 스킨입니다. ]]>
		</description>
		<license>
			<![CDATA[ MIT License ]]>
		</license>
	</information>
	<author>
		<name>responsive car blog 1</name>
		<homepage>https://blogpack.tistory.com</homepage>
		<email>extflash@gmail.com</email>
	</author>
	<default>
		<entriesOnPage>8</entriesOnPage>
		<entriesOnList>8</entriesOnList>
		<recentEntries>5</recentEntries>
		<recentComments>4</recentComments>
		<recentTrackbacks>4</recentTrackbacks>
		<itemsOnGuestbook>10</itemsOnGuestbook>
		<tagsInCloud>30</tagsInCloud>
		<sortInCloud>3</sortInCloud>
		<expandComment>1</expandComment>
		<lengthOfRecentNotice>25</lengthOfRecentNotice>
		<lengthOfRecentEntry>40</lengthOfRecentEntry>
		<lengthOfRecentComment>30</lengthOfRecentComment>
		<lengthOfRecentTrackback>30</lengthOfRecentTrackback>
		<lengthOfLink>30</lengthOfLink>
		<showListOnCategory>1</showListOnCategory>
		<showListOnArchive>1</showListOnArchive>
		<commentMessage>
			<none>0</none>
			<single>1</single>
		</commentMessage>
		<trackbackMessage>
			<none>0</none>
			<single>1</single>
		</trackbackMessage>
		<tree>
			<color>000000</color>
			<bgColor>ffffff</bgColor>
			<activeColor>000000</activeColor>
			<activeBgColor>eeeeee</activeBgColor>
			<labelLength>27</labelLength>
			<showValue>1</showValue>
		</tree>
		<contentWidth>840</contentWidth>
		<cover>
		<![CDATA[
		[
			{
				"name": "cover-slider",
				"title": "",
				"dataType": "CUSTOM",
				"data": [
					{
						"title": "2019 뉴욕 오토쇼 참관기",
						"summary": "",
						"url": "",
						"thumbnail": "https://img1.daumcdn.net/thumb/R1280x0/?scode=mtistory&fname=https%3A%2F%2Fk.kakaocdn.net%2Fdn%2F2NjXq%2FbtquN8JKWEk%2FGl2INivth5kK6JVtIU3eRk%2Fimg.jpg"
					},
					{
						"title": "2019 상하이 모터쇼 관람단 모집",
						"summary": "",
						"url": "/",
						"thumbnail": "https://img1.daumcdn.net/thumb/R1280x0/?scode=mtistory&fname=https%3A%2F%2Fk.kakaocdn.net%2Fdn%2FbpMn0i%2FbtquQwbkLji%2FvK1xJkKZGhCTcYkVWup6b0%2Fimg.jpg"
					},
					{
						"title": "벤츠 GLB 클래스 양산형 컨셉카 공개",
						"summary": "",
						"url": "",
						"thumbnail": "https://img1.daumcdn.net/thumb/R1280x0/?scode=mtistory&fname=https%3A%2F%2Fk.kakaocdn.net%2Fdn%2Fvn2cn%2FbtquP4Gaukc%2FlWX8wpzsO82KuUpc0l81hk%2Fimg.jpg"
					}
				]
			},
			{
				"name": "cover-thumbnail-list",
				"title": "리뷰",
				"dataType": "CUSTOM",
				"data": [
					{
						"title": "SM6 LPG 모델 비교 시승기.",
						"summary": "과연 SM6 LPG 모델은 가솔린 차량과 경쟁하는 가성비 모델이 될 수 있을 것인가",
						"url": "/",
						"thumbnail": "https://img1.daumcdn.net/thumb/R1280x0/?scode=mtistory&fname=https%3A%2F%2Fk.kakaocdn.net%2Fdn%2FbDry4I%2FbtquRbETrQY%2Fs4qFosRvz5N5LNINo7mWQK%2Fimg.png"
					},
					{
						"title": "쏘나타 DN8 출고기.",
						"summary": "국내최초 DN8 쏘나타 출고장 인수기.",
						"url": "/",
						"thumbnail": "https://img1.daumcdn.net/thumb/R1280x0/?scode=mtistory&fname=https%3A%2F%2Fk.kakaocdn.net%2Fdn%2FGMFz6%2FbtquQvQ8rvA%2FSnZqqijU704thltAOM1DD0%2Fimg.jpg"
					}
				]
			},
			{
				"name": "cover-thumbnail-list",
				"title": "신차 소식",
				"dataType": "CUSTOM",
				"data": [
					{
						"title": "SP컨셉 양산 모델 2019 하반기 출시 예정",
						"summary": "",
						"url": "",
						"thumbnail": "https://img1.daumcdn.net/thumb/R1280x0/?scode=mtistory&fname=https%3A%2F%2Fk.kakaocdn.net%2Fdn%2FbW6blY%2FbtquR12S4W4%2FSlOVgS2AfrsRD618haewT1%2Fimg.jpg"
					},
					{
						"title": "벤츠 GLB 양산형 컨셉 모델 공개",
						"summary": "",
						"url": "",
						"thumbnail": "https://img1.daumcdn.net/thumb/R1280x0/?scode=mtistory&fname=https%3A%2F%2Fk.kakaocdn.net%2Fdn%2Fvn2cn%2FbtquP4Gaukc%2FlWX8wpzsO82KuUpc0l81hk%2Fimg.jpg"
					},
					{
						"title": "풀체인지 수준의 모하비 페이스리프트 한반기 출시 예정",
						"summary": "",
						"url": "",
						"thumbnail": "https://img1.daumcdn.net/thumb/R1280x0/?scode=mtistory&fname=https%3A%2F%2Fk.kakaocdn.net%2Fdn%2FDjNzs%2FbtquRNKAqC0%2Fvl1gD6joZJjYxYn16fFlg1%2Fimg.jpg"
					}
				]
			},
			{
				"name": "cover-thumbnail-list",
				"title": "업계 소식",
				"dataType": "CUSTOM",
				"data": [
					{
						"title": "폭스바겐 브랜드 판매량 추락",
						"summary": "",
						"url": "",
						"thumbnail": "https://img1.daumcdn.net/thumb/R1280x0/?scode=mtistory&fname=https%3A%2F%2Fk.kakaocdn.net%2Fdn%2FUljey%2FbtquQvXVBDn%2FEG0smRMrYieYqZQKKvMgfK%2Fimg.jpg"
					},
					{
						"title": "4월 자동차 판매량 통계",
						"summary": "",
						"url": "",
						"thumbnail": "https://img1.daumcdn.net/thumb/R1280x0/?scode=mtistory&fname=https%3A%2F%2Fk.kakaocdn.net%2Fdn%2FGGljP%2FbtquOHrtqfy%2FAucolZ4hBm43COSJEjljDK%2Fimg.jpg"
					},
					{
						"title": "전기차 시장의 꽃은 언제 피울 것인가?",
						"summary": "",
						"url": "",
						"thumbnail": "https://img1.daumcdn.net/thumb/R1280x0/?scode=mtistory&fname=https%3A%2F%2Fk.kakaocdn.net%2Fdn%2Fp4h4m%2FbtquOo6Or1u%2FU9sNeN9oTtiwfpIlNdqWn0%2Fimg.jpg"
					},
					{
						"title": "LPG차량 일반 승용차 전면 허용",
						"summary": "",
						"url": "",
						"thumbnail": "https://img1.daumcdn.net/thumb/R1280x0/?scode=mtistory&fname=https%3A%2F%2Fk.kakaocdn.net%2Fdn%2FbzHznB%2FbtquRccJFqr%2FRxWWedJUknPRMivcbudOSk%2Fimg.jpg"
					}
				]
			},
			{
				"name": "cover-list",
				"title": "오토리뷰 용품몰 오픈 10% 추가 적립금 지급",
				"dataType": "CUSTOM",
				"data": [
					{
						"title": "오포리뷰 용품몰 오픈 기념으로 이번달 한정으로 적립금 10%를 추가 적립해드립니다.",
						"summary": "상품별 추가 적립금이 있는 상품들은 추가 적립이 가능합니다.<br/>이월 상품, 또는 할인적용 상품은 적립금 대상에서 제외되니 양해 바랍니다.",
						"url": "",
						"thumbnail": "https://img1.daumcdn.net/thumb/R1280x0/?scode=mtistory&fname=https%3A%2F%2Fk.kakaocdn.net%2Fdn%2FyjUkz%2FbtquN8bVgnw%2FbLJiDcKmMk3g5FDUaM07oK%2Fimg.jpg"
					}
				]
			},
			{
				"name": "cover-gallery",
				"title": "링크 없는 갤러리 : 2,3,4,6,8 개를 표시할 수 있습니다.",
				"dataType": "CUSTOM",
				"data": [
					{
						"title": "하이퍼링크 없이",
						"summary": "",
						"url": "",
						"thumbnail": "https://img1.daumcdn.net/thumb/R1280x0/?scode=mtistory&fname=https%3A%2F%2Fk.kakaocdn.net%2Fdn%2FCxEyB%2FbtquOG6NF3P%2FIkDIOFoctKwwc3fTPNk7q0%2Fimg.jpg"
					},
					{
						"title": "이미지와 텍스트를 표시하는 갤러리입니다.",
						"summary": "",
						"url": "",
						"thumbnail": "https://img1.daumcdn.net/thumb/R1280x0/?scode=mtistory&fname=https%3A%2F%2Fk.kakaocdn.net%2Fdn%2FbxxdlR%2FbtquQwoBVnJ%2FrHC3CQig7CLbd5Id19fVP0%2Fimg.jpg"
					},
					{
						"title": "마우스 호버를 하면",
						"summary": "",
						"url": "",
						"thumbnail": "https://img1.daumcdn.net/thumb/R1280x0/?scode=mtistory&fname=https%3A%2F%2Fk.kakaocdn.net%2Fdn%2F4oWN0%2FbtquPNqTKBe%2FMxNN3gjrYp41mo01ddAzLk%2Fimg.jpg"
					},
					{
						"title": "텍스트 내용이 표시됩니다.",
						"summary": "",
						"url": "",
						"thumbnail": "https://img1.daumcdn.net/thumb/R1280x0/?scode=mtistory&fname=https%3A%2F%2Fk.kakaocdn.net%2Fdn%2Fdvzms2%2FbtquPL0RA5M%2FkNNCtTmgJTe2EGo8UvhzFk%2Fimg.jpg"
					}
				]
			},
			{
				"name": "cover-gallery",
				"title": "오토 갤러리",
				"dataType": "CUSTOM",
				"data": [
					{
						"title": "벤츠 G클래스 신형",
						"summary": "",
						"url": "",
						"thumbnail": "https://img1.daumcdn.net/thumb/R1280x0/?scode=mtistory&fname=https%3A%2F%2Fk.kakaocdn.net%2Fdn%2FCxEyB%2FbtquOG6NF3P%2FIkDIOFoctKwwc3fTPNk7q0%2Fimg.jpg"
					},
					{
						"title": "디스커버리 2019 신형",
						"summary": "",
						"url": "",
						"thumbnail": "https://img1.daumcdn.net/thumb/R1280x0/?scode=mtistory&fname=https%3A%2F%2Fk.kakaocdn.net%2Fdn%2F4oWN0%2FbtquPNqTKBe%2FMxNN3gjrYp41mo01ddAzLk%2Fimg.jpg"
					},
					{
						"title": "BMW M3 스포츠팩",
						"summary": "",
						"url": "",
						"thumbnail": "https://img1.daumcdn.net/thumb/R1280x0/?scode=mtistory&fname=https%3A%2F%2Fk.kakaocdn.net%2Fdn%2Fdvzms2%2FbtquPL0RA5M%2FkNNCtTmgJTe2EGo8UvhzFk%2Fimg.jpg"
					}
				]
			},
			{
				"name": "cover-gallery",
				"title": "스트리트카",
				"dataType": "CUSTOM",
				"data": [
					{
						"title": "아우디 A1 S라인",
						"summary": "",
						"url": "",
						"thumbnail": "https://img1.daumcdn.net/thumb/R1280x0/?scode=mtistory&fname=https%3A%2F%2Fk.kakaocdn.net%2Fdn%2FcwfzuI%2FbtquQxnwpsU%2FByXyYXnbbSJKxj9SFt5Z9K%2Fimg.jpg"
					},
					{
						"title": "토요타 툰드라 오프로드 튠카",
						"summary": "",
						"url": "",
						"thumbnail": "https://img1.daumcdn.net/thumb/R1280x0/?scode=mtistory&fname=https%3A%2F%2Fk.kakaocdn.net%2Fdn%2Fc01lTo%2FbtquOGFKv6Q%2F09PYW8gRsyMEqMJHmNGX70%2Fimg.jpg"
					}
				]
			},
			{
				"name": "cover-list",
				"title": "오토리뷰 스티커 발송 안내",
				"dataType": "CUSTOM",
				"data": [
					{
						"title": "오토리뷰 스티커를 배포해드리고 있습니다.",
						"summary": "신청하실 분은 아래 이메일 주소로 주소, 이름, 연락처를 적어서 신청을 해주시면 일주일 단위로 발송해드립니다.",
						"url": "",
						"thumbnail": "https://img1.daumcdn.net/thumb/R1280x0/?scode=mtistory&fname=https%3A%2F%2Fk.kakaocdn.net%2Fdn%2Fc0IEdE%2FbtquO7pQ2nA%2FjAneNNL54XTRco5HK5JzW0%2Fimg.jpg"
					}
				]
			},
			{
				"name": "cover-list",
				"title": "연락처",
				"dataType": "CUSTOM",
				"data": [
					{
						"title": "02-1234-5678",
						"summary": "이메일: emailid@domain.com<br/>팩스: 02-2345-6789",
						"url": "",
						"thumbnail": "https://img1.daumcdn.net/thumb/R1280x0/?scode=mtistory&fname=https%3A%2F%2Fk.kakaocdn.net%2Fdn%2FcG0Uxn%2FbtquPM6NZcD%2F3RhDF9eAyiAEFqxKe62ctK%2Fimg.jpg"
					}
				]
			}
		]
		]]>
		</cover>
	</default>
	<cover>
		<item>
			<name>cover-slider</name>
			<label><![CDATA[ 슬라이더 ]]></label>
			<description><![CDATA[ 좌우 스와이프가 가능한 상단 영역을 차지하는 슬라이더입니다. ]]></description>
		</item>
		<item>
			<name>cover-list</name>
			<label><![CDATA[ 가로 풀배너 ]]></label>
			<description><![CDATA[ 1개의 아이템을 큰 가로 풀배너 형태로 보여주는 배너입니다. 이미지 없을 경우 기본 배경색이 표시됩니다.]]></description>
		</item>
		<item>
			<name>cover-thumbnail-list</name>
			<label><![CDATA[ 이미지 썸네일 리스트 ]]></label>
			<description><![CDATA[ 하이퍼링크가 있는 썸네일 리스트를 보여줍니다. ]]></description>
		</item>
		<item>
			<name>cover-gallery</name>
			<label><![CDATA[ 이미지 썸네일 리스트[링크x] ]]></label>
			<description><![CDATA[ 하이퍼링크 없이 섬네일만 나열하여 보여줍니다. 마우스오버시 타이틀이 노출됩니다. ]]></description>
		</item>
	</cover>
	<variables>
		<variable>
			<name>sidebar-align</name>
			<label>
				<![CDATA[ 사이드바 위치 ]]>
			</label>
			<type>SELECT</type>
			<option><![CDATA[[{"name":"left","label":"왼쪽","value":"left"},{"name":"right","label":"오른쪽","value":"right"}]]]></option>
			<default>right</default>
			<description>
				<![CDATA[ 사이드바가 위치할 방향을 선택합니다. ]]>
			</description>
		</variable>
		<variable>
			<name>view-more</name>
			<label>
				<![CDATA[ 목록 더보기 ]]>
			</label>
			<type>BOOL</type>
			<option />
			<default>false</default>
			<description>
				<![CDATA[ 페이징 대신 목록 더보기를 사용합니다. ]]>
			</description>
		</variable>
		<variable>
			<name>paging-type</name>
			<label>
				<![CDATA[ 글목록, 글보기 페이징 타입 ]]>
			</label>
			<type>SELECT</type>
			<default>pagelist</default>
			<option><![CDATA[[{"name":"prevnext","label":"이전/다음","value":"prevnext"},{"name":"pagelist","label":"페이지목록","value":"pagelist"}]]]></option>
			<description>
				<![CDATA[ 글목록 페이지 이동, 글보기 글 이동시 페이지 이동을 위한 하단 페이징 표시 방법을 선택합니다. ]]>
			</description>
		</variable>
		<variable>
			<name>background-color</name>
			<label>
				<![CDATA[ 스킨 배경색 선택 ]]>
			</label>
			<type>COLOR</type>
			<option />
			<default>#fff</default>
			<description>
				<![CDATA[ 스킨 배경색을 선택합니다. ]]>
			</description>
		</variable>
		<variable>
			<name>title-color</name>
			<label>
				<![CDATA[ 블로그 타이틀 컬러 선택 ]]>
			</label>
			<type>COLOR</type>
			<option />
			<default>#fff</default>
			<description>
				<![CDATA[ 상단 블로그 제목 색상을 선택합니다. ]]>
			</description>
		</variable>
		<variable>
			<name>view-profile</name>
			<label>
				<![CDATA[ 프로필 보기 ]]>
			</label>
			<type>BOOL</type>
			<option />
			<default>true</default>
			<description>
				<![CDATA[ 프로필 정보 표시 여부를 선택합니다. ]]>
			</description>
		</variable>
		<variable>
			<name>view-snsicon</name>
			<label>
				<![CDATA[ SNS 아이콘 보기 ]]>
			</label>
			<type>BOOL</type>
			<option />
			<default>true</default>
			<description>
				<![CDATA[ SNS 아이콘 표시 여부를 선택합니다. ]]>
			</description>
		</variable>
			<variable>
				<name>sns-instagram</name>
				<label><![CDATA[ Instagram URL ]]></label>
				<type>STRING</type>
				<option />
				<default>Instagram</default>
				<description><![CDATA[ Instagram URL를 입력해주세요. ]]></description>
			</variable>
			<variable>
				<name>sns-youtube</name>
				<label><![CDATA[ Youtube URL ]]></label>
				<type>STRING</type>
				<option />
				<default>Youtube</default>
				<description><![CDATA[ Youtube URL를 입력해주세요. ]]></description>
			</variable>
			<variable>
				<name>sns-twitter</name>
				<label><![CDATA[ Twitter URL ]]></label>
				<type>STRING</type>
				<option />
				<default>Twitter</default>
				<description><![CDATA[ Twitter URL를 입력해주세요. ]]></description>
			</variable>
			<variable>
				<name>sns-facebook</name>
				<label><![CDATA[ Facebook URL ]]></label>
				<type>STRING</type>
				<option />
				<default>Facebook</default>
				<description><![CDATA[ Facebook URL를 입력해주세요. ]]></description>
			</variable>
			<variable>
				<name>sns-pinterest</name>
				<label><![CDATA[ Pinterest URL ]]></label>
				<type>STRING</type>
				<option />
				<default>Pinterest</default>
				<description><![CDATA[ Pinterest URL를 입력해주세요. ]]></description>
			</variable>
			<variable>
				<name>sns-email</name>
				<label><![CDATA[ Email Address ]]></label>
				<type>STRING</type>
				<option />
				<default>email@mydomain.com</default>
				<description><![CDATA[ Email Address 를 입력해주세요. ]]></description>
			</variable>
	</variables>
</skin>
