<?xml version="1.0" encoding="utf-8"?>
<skin>
	<information>
		<name>반응형 포토블로그</name>
		<version>1.0</version>
		<description>
			<![CDATA[ 왼쪽에 사이드바가 고정으로 위치하는 개인 포토블로그 스킨입니다.
			블랙, 오렌지, 카키 3가지 컬러 테마를 제공합니다. ]]>
		</description>
		<license>
			<![CDATA[ MIT License ]]>
		</license>
	</information>
	<author>
		<name>responsive photo blog</name>
		<homepage>https://blogpack.tistory.com</homepage>
		<email>extflash@gmail.com</email>
	</author>
	<default>
		<entriesOnPage>9</entriesOnPage>
		<entriesOnList>9</entriesOnList>
		<recentEntries>4</recentEntries>
		<recentComments>4</recentComments>
		<recentTrackbacks>4</recentTrackbacks>
		<itemsOnGuestbook>10</itemsOnGuestbook>
		<tagsInCloud>30</tagsInCloud>
		<sortInCloud>3</sortInCloud>
		<expandComment>1</expandComment>
		<lengthOfRecentNotice>25</lengthOfRecentNotice>
		<lengthOfRecentEntry>27</lengthOfRecentEntry>
		<lengthOfRecentComment>30</lengthOfRecentComment>
		<lengthOfRecentTrackback>30</lengthOfRecentTrackback>
		<lengthOfLink>30</lengthOfLink>
		<showListOnCategory>1</showListOnCategory>
		<showListOnArchive>1</showListOnArchive>
		<commentMessage>
			<none>0</none>
			<single>1</single>
		</commentMessage>
		<trackbackMessage>
			<none>0</none>
			<single>1</single>
		</trackbackMessage>
		<tree>
			<color>000000</color>
			<bgColor>ffffff</bgColor>
			<activeColor>000000</activeColor>
			<activeBgColor>eeeeee</activeBgColor>
			<labelLength>27</labelLength>
			<showValue>1</showValue>
		</tree>
		<contentWidth>760</contentWidth>
		<cover>
		<![CDATA[
			[
				{
					"name": "cover-thumbnail-list",
					"title": "인기기사",
					"dataType": "RECENT",
					"data": {
						"category": "ALL",
						"size": "9"
					}
				}
			]
		]]>
		</cover>
	</default>
	<cover>
		<item>
			<name>cover-slider</name>
			<label><![CDATA[ 슬라이더 ]]></label>
			<description><![CDATA[ 좌우 스와이프가 가능한 슬라이더입니다. ]]></description>
		</item>
		<item>
			<name>cover-list</name>
			<label><![CDATA[ 리스트 ]]></label>
			<description><![CDATA[ 제목과 본문 내용을 주요하게 보여주는 일반 리스트입니다. ]]></description>
		</item>
		<item>
			<name>cover-thumbnail-list</name>
			<label><![CDATA[ 섬네일 리스트 ]]></label>
			<description><![CDATA[ 섬네일을 주요하게 보여주는 리스트입니다. ]]></description>
		</item>
		<item>
			<name>cover-masonry</name>
			<label><![CDATA[벽돌 리스트]]></label>
			<description><![CDATA[ 섬네일 크기에 따라 자동으로 배치되는 벽돌 리스트입니다. ]]></description>
		</item>
		<item>
			<name>cover-gallery</name>
			<label><![CDATA[ 갤러리 ]]></label>
			<description><![CDATA[ 섬네일만 나열하여 보여줍니다. 마우스오버시 타이틀이 노출됩니다. ]]></description>
		</item>
	</cover>
	<variables>
		<variable>
			<name>short-date</name>
			<label>
				<![CDATA[ 짧은 날짜 사용(년월일) ]]>
			</label>
			<type>BOOL</type>
			<option />
			<default>true</default>
			<description>
				<![CDATA[ 기본 년월일시분초 대신 짧은 년월일 표시를 사용합니다. ]]>
			</description>
		</variable>
		<variable>
			<name>view-more</name>			<label>
				<![CDATA[ 목록 더보기 ]]>
			</label>
			<type>BOOL</type>
			<option />
			<default>false</default>
			<description>
				<![CDATA[ 페이징 대신 목록 더보기를 사용합니다. ]]>
			</description>
		</variable>
		<variable>
			<name>box-shadow</name>
			<label>
				<![CDATA[ 그림자 효과 ]]>
			</label>
			<type>BOOL</type>
			<option />
			<default>false</default>
			<description>
				<![CDATA[ 스킨 박스들에 그림자 효과를 부여합니다. ]]>
			</description>
		</variable>
		<variable>
			<name>color-background</name>
			<label><![CDATA[ 배경색 ]]></label>
			<description><![CDATA[ 배경색을 선택해주세요. ]]></description>
			<type>SELECT</type>
			<option><![CDATA[[{"name":"lightgray","label":"기본라이트그레이(LightGray)","value":"color-lightgray"},{"name":"brown","label":"브라운(Brown)","value":"color-brown"},{"name":"darkgray","label":"다크그레이(DarkGray)","value":"color-darkgray"},{"name":"black","label":"블랙(Black)","value":"color-black"},{"name":"green","label":"그린(Green)","value":"color-green"}]]]></option>
			<default>color-lightgray</default>
		</variable>
		<variable>
			<name>footer-text</name>
			<label><![CDATA[ 푸터 텍스트 ]]></label>
			<type>STRING</type>
			<option />
			<default></default>
			<description><![CDATA[ 푸터 텍스트를 입력해주세요. ]]></description>
		</variable>
		<variable>
			<name>footer-image</name>
			<label><![CDATA[ 푸터 이미지 ]]></label>
			<type>IMAGE</type>
			<option />
			<default></default>
			<description><![CDATA[ 푸터 이미지를 변경합니다. ]]></description>
		</variable>
		<variable>
			<name>sns-pinterest</name>
			<label><![CDATA[ Pinterest URL ]]></label>
			<type>STRING</type>
			<option />
			<default></default>
			<description><![CDATA[ Pinterest URL를 입력해주세요. ]]></description>
		</variable>
		<variable>
			<name>sns-facebook</name>
			<label><![CDATA[ Facebook URL ]]></label>
			<type>STRING</type>
			<option />
			<default></default>
			<description><![CDATA[ Facebook URL를 입력해주세요. ]]></description>
		</variable>
		<variable>
			<name>sns-twitter</name>
			<label><![CDATA[ Twitter URL ]]></label>
			<type>STRING</type>
			<option />
			<default></default>
			<description><![CDATA[ Twitter URL를 입력해주세요. ]]></description>
		</variable>
		<variable>
			<name>sns-instagram</name>
			<label><![CDATA[ Instagram URL ]]></label>
			<type>STRING</type>
			<option />
			<default></default>
			<description><![CDATA[ Instagram URL를 입력해주세요. ]]></description>
		</variable>
	</variables>
</skin>
