<?xml version="1.0" encoding="utf-8"?>
<skin>
<information>
<name>반응형 메이슨리 포토갤러리2</name> 
<version>1.2.0</version>
<description>
<![CDATA[ 웹표준을 준수한 반응형 포토갤러리 티스토리 스킨입니다.
메이슨리(Masonry)를 사용해 제작된 스킨입니다.
브라우저 크기가 변하는데 따라 썸네일 이미지 목록이 애니메이션되면서 레이아웃이 변경됩니다.
썸네일 이미지 가로 크기는 340px 고정입니다.
이미지 세로 높이는 원본 이미지의 가로/세로 비율을 그대로 따라갑니다.
사이드바 메뉴를 상단에 히든으로 위치시켜 1단으로 심플하게 만든 스킨입니다.
기본 사용컬러도 흑백톤을 기본으로 해서 최대한 단순하게 보이도록 했습니다.
font awesome 을 사용해서 별도 아이콘 이미지 없이 skin.html, style.css, script.js 파일 3개만으로 스킨이 구성됩니다.
]]>
</description>
<license>
<![CDATA[자유롭게 수정이 가능하며, 저작권 표시하에 재배포 가능합니다.]]>
</license>
</information> 
<author>
<name>reactive masonry photo gallery2 tistory skin</name>
<homepage>http://blogpack.tistory.com</homepage>
<email>extflash@gmail.com</email>
</author> 
<default>
<recentEntries>5</recentEntries> 
<recentComments>5</recentComments>
<recentTrackbacks>5</recentTrackbacks>
<itemsOnGuestbook>10</itemsOnGuestbook>
<tagsInCloud>30</tagsInCloud>
<sortInCloud>3</sortInCloud> 
<expandComment>0</expandComment>
<expandTrackback>0</expandTrackback> 
<lengthOfRecentNotice>25</lengthOfRecentNotice>
<lengthOfRecentEntry>27</lengthOfRecentEntry>
<lengthOfRecentComment>30</lengthOfRecentComment> 
<lengthOfRecentTrackback>30</lengthOfRecentTrackback> 
<lengthOfLink>30</lengthOfLink>
<showListOnCategory>1</showListOnCategory>
<showListOnArchive>1</showListOnArchive> 
<commentMessage>
<none>댓글이 없습니다.</none> 
<single>댓글 &lt;span class="cnt"&gt;한개&lt;/span&gt; 달렸습니다.</single>
</commentMessage>
<trackbackMessage>
<none>받은 트랙백이 없고</none>
<single>트랙백이 &lt;span class="cnt"&gt;한개&lt;/span&gt;이고</single>
</trackbackMessage> 
<tree>
<color>000000</color> 
<bgColor>ffffff</bgColor>
<activeColor>000000</activeColor> 
<activeBgColor>eeeeee</activeBgColor>
<labelLength>27</labelLength> 
<showValue>1</showValue>
</tree>
<contentWidth>820</contentWidth>
</default>
</skin>