<?xml version="1.0" encoding="utf-8"?>
<skin>
	<information>
		<name>카카오블로그스타일</name>
		<version>1.2.0</version>
		<description>
			<![CDATA[ 카카오 블로그와 비슷한 디자인으로 만들어진 스킨입니다.
			카카오 블로그 스타일 스킨을 원하는 분에게 추천합니다. ]]>
		</description>
		<license>
			<![CDATA[ MIT License ]]>
		</license>
	</information>
	<author>
		<name>kakao blog style</name>
		<homepage>https://blogpack.tistory.com</homepage>
		<email>extflash@gmail.com</email>
	</author>
	<default>
		<entriesOnPage>10</entriesOnPage>
		<entriesOnList>10</entriesOnList>
		<recentEntries>5</recentEntries>
		<recentComments>4</recentComments>
		<recentTrackbacks>4</recentTrackbacks>
		<itemsOnGuestbook>10</itemsOnGuestbook>
		<tagsInCloud>30</tagsInCloud>
		<sortInCloud>3</sortInCloud>
		<expandComment>1</expandComment>
		<lengthOfRecentNotice>25</lengthOfRecentNotice>
		<lengthOfRecentEntry>27</lengthOfRecentEntry>
		<lengthOfRecentComment>30</lengthOfRecentComment>
		<lengthOfRecentTrackback>30</lengthOfRecentTrackback>
		<lengthOfLink>30</lengthOfLink>
		<showListOnCategory>1</showListOnCategory>
		<showListOnArchive>1</showListOnArchive>
		<commentMessage>
			<none>0</none>
			<single>1</single>
		</commentMessage>
		<trackbackMessage>
			<none>0</none>
			<single>1</single>
		</trackbackMessage>
		<tree>
			<color>000000</color>
			<bgColor>ffffff</bgColor>
			<activeColor>000000</activeColor>
			<activeBgColor>eeeeee</activeBgColor>
			<labelLength>27</labelLength>
			<showValue>1</showValue>
		</tree>
		<contentWidth>890</contentWidth>
		<cover>
		<![CDATA[
		[
			{
				"name": "cover-slider",
				"title": "",
				"dataType": "CUSTOM",
				"data": [
					{
						"title": "슬라이더 예시입니다.",
						"summary": "",
						"url": "",
						"thumbnail": "https://t1.daumcdn.net/cfile/tistory/9929F0435C7177DE1E"
					},
					{
						"title": "정보를 직접 입력하시거나",
						"summary": "",
						"url": "",
						"thumbnail": "https://t1.daumcdn.net/cfile/tistory/993A8C425C7177DE27"
					},
					{
						"title": "기존 게시물을 배치할 수 있습니다.",
						"summary": "",
						"url": "",
						"thumbnail": "https://t1.daumcdn.net/cfile/tistory/9998753C5C7177DE19"
					}
				]
			},
			{
				"name": "cover-thumbnail-list",
				"title": "섬네일 리스트 예시",
				"dataType": "CUSTOM",
				"data": [
					{
						"title": "아이템 수정을 통해",
						"summary": "썸네일리스트1",
						"url": "",
						"thumbnail": "https://t1.daumcdn.net/cfile/tistory/99E03D445C7177DD12"
					},
					{
						"title": "여러분의 게시물을",
						"summary": "썸네일리스트2",
						"url": "",
						"thumbnail": "https://t1.daumcdn.net/cfile/tistory/994FB8435C7177DD15"
					},
					{
						"title": "최신순으로",
						"summary": "썸네일리스트3",
						"url": "",
						"thumbnail": "https://t1.daumcdn.net/cfile/tistory/9904F2455C7177DD22"
					},
					{
						"title": "노출할 수 있습니다.",
						"summary": "썸네일리스트4",
						"url": "",
						"thumbnail": "https://t1.daumcdn.net/cfile/tistory/9906A6505C7177DD21"
					},
					{
						"title": "노출할 수 있습니다.",
						"summary": "썸네일리스트5",
						"url": "",
						"thumbnail": "https://t1.daumcdn.net/cfile/tistory/99848C465C7177DD21"
					},
					{
						"title": "노출할 수 있습니다.",
						"summary": "썸네일리스트6",
						"url": "",
						"thumbnail": "https://t1.daumcdn.net/cfile/tistory/99B7AB4C5C7179342F"
					}
				]
			}
		]
		]]>
		</cover>
	</default>
	<cover>
		<item>
			<name>cover-slider</name>
			<label><![CDATA[ 슬라이더 ]]></label>
			<description><![CDATA[ 좌우 스와이프가 가능한 슬라이더입니다. ]]></description>
		</item>
		<item>
			<name>cover-list</name>
			<label><![CDATA[ 리스트 ]]></label>
			<description><![CDATA[ 제목과 본문 내용을 주요하게 보여주는 일반 리스트입니다. ]]></description>
		</item>
		<item>
			<name>cover-thumbnail-list</name>
			<label><![CDATA[ 섬네일 리스트 ]]></label>
			<description><![CDATA[ 섬네일을 주요하게 보여주는 리스트입니다. ]]></description>
		</item>
		<item>
			<name>cover-masonry</name>
			<label><![CDATA[벽돌 리스트]]></label>
			<description><![CDATA[ 섬네일 크기에 따라 자동으로 배치되는 벽돌 리스트입니다. ]]></description>
		</item>
		<item>
			<name>cover-gallery</name>
			<label><![CDATA[ 갤러리 ]]></label>
			<description><![CDATA[ 섬네일만 나열하여 보여줍니다. 마우스오버시 타이틀이 노출됩니다. ]]></description>
		</item>
	</cover>
	<variables>
		<variable>
			<name>short-date</name>
			<label>
				<![CDATA[ 짧은 날짜 사용(년월일) ]]>
			</label>
			<type>BOOL</type>
			<option />
			<default>true</default>
			<description>
				<![CDATA[ 기본 년월일시분초 대신 짧은 년월일 표시를 사용합니다. ]]>
			</description>
		</variable>
		<variable>
			<name>view-more</name>
			<label>
				<![CDATA[ 목록 더보기 ]]>
			</label>
			<type>BOOL</type>
			<option />
			<default>true</default>
			<description>
				<![CDATA[ 페이징 대신 목록 더보기를 사용합니다. ]]>
			</description>
		</variable>
		<variable>
			<name>footer-text</name>
			<label><![CDATA[ 푸터 텍스트 ]]></label>
			<type>STRING</type>
			<option />
			<default></default>
			<description><![CDATA[ 푸터 텍스트를 입력해주세요. ]]></description>
		</variable>
		<variable>
			<name>footer-image</name>
			<label><![CDATA[ 푸터 이미지 ]]></label>
			<type>IMAGE</type>
			<option />
			<default></default>
			<description><![CDATA[ 푸터 이미지를 변경합니다. ]]></description>
		</variable>
		<variable>
			<name>sns-pinterest</name>
			<label><![CDATA[ Pinterest URL ]]></label>
			<type>STRING</type>
			<option />
			<default></default>
			<description><![CDATA[ Pinterest URL를 입력해주세요. ]]></description>
		</variable>
		<variable>
			<name>sns-facebook</name>
			<label><![CDATA[ Facebook URL ]]></label>
			<type>STRING</type>
			<option />
			<default></default>
			<description><![CDATA[ Facebook URL를 입력해주세요. ]]></description>
		</variable>
		<variable>
			<name>sns-twitter</name>
			<label><![CDATA[ Twitter URL ]]></label>
			<type>STRING</type>
			<option />
			<default></default>
			<description><![CDATA[ Twitter URL를 입력해주세요. ]]></description>
		</variable>
		<variable>
			<name>sns-instagram</name>
			<label><![CDATA[ Instagram URL ]]></label>
			<type>STRING</type>
			<option />
			<default></default>
			<description><![CDATA[ Instagram URL를 입력해주세요. ]]></description>
		</variable>
	</variables>
</skin>
