<?xml version="1.0" encoding="utf-8"?>
<skin>
	<information>
		<name>반응형 심플 포토블로그4 몬드리안</name>
		<version>1.0</version>
		<description>
			<![CDATA[ 몬드리안 패턴 모양으로 이미지를 배치한 포토블로그입니다.
			복잡한 기능 없이 심플한 포토 블로그를 원하는 분에게 추천합니다. ]]>
		</description>
		<license>
			<![CDATA[ MIT License ]]>
		</license>
	</information>
	<author>
		<name>responsive simple photo blog 4 mondrian</name>
		<homepage>https://blogpack.tistory.com</homepage>
		<email>extflash@gmail.com</email>
	</author>
	<default>
		<entriesOnPage>8</entriesOnPage>
		<entriesOnList>8</entriesOnList>
		<recentEntries>4</recentEntries>
		<recentComments>4</recentComments>
		<recentTrackbacks>4</recentTrackbacks>
		<itemsOnGuestbook>10</itemsOnGuestbook>
		<tagsInCloud>30</tagsInCloud>
		<sortInCloud>3</sortInCloud>
		<expandComment>1</expandComment>
		<lengthOfRecentNotice>25</lengthOfRecentNotice>
		<lengthOfRecentEntry>27</lengthOfRecentEntry>
		<lengthOfRecentComment>30</lengthOfRecentComment>
		<lengthOfRecentTrackback>30</lengthOfRecentTrackback>
		<lengthOfLink>30</lengthOfLink>
		<showListOnCategory>1</showListOnCategory>
		<showListOnArchive>1</showListOnArchive>
		<commentMessage>
			<none>0</none>
			<single>1</single>
		</commentMessage>
		<trackbackMessage>
			<none>0</none>
			<single>1</single>
		</trackbackMessage>
		<tree>
			<color>000000</color>
			<bgColor>ffffff</bgColor>
			<activeColor>000000</activeColor>
			<activeBgColor>eeeeee</activeBgColor>
			<labelLength>27</labelLength>
			<showValue>1</showValue>
		</tree>
		<contentWidth>960</contentWidth>
		<cover>
		<![CDATA[
		[
			{
				"name": "cover-gallery",
				"title": "커버 페이지",
				"dataType": "RECENT",
				"data": {
					"category": "ALL",
					"size": "8"
				}
			}
		]
		]]>
		</cover>		
	</default>
	<cover>
		<item>
			<name>cover-gallery</name>
			<label><![CDATA[ 몬드리안 그리드 커버 ]]></label>
			<description><![CDATA[ 커버 페이지에 노출할 그리드 포스트들을 선택하거나 직접 입력합니다. 그리드 타입과 아이템 갯수를 맞춰야 합니다.]]></description>
		</item>
	</cover>	
	<variables>
		<variable>
			<name>grid-type</name>
			<label>
				<![CDATA[ 그리드 타입 ]]>
			</label>
			<type>SELECT</type>
			<option><![CDATA[[{"name":"grid8","label":"그리드 4x4 아이템 8개","value":"grid8"},{"name":"grid9","label":"그리드 4x4 아이템 9개","value":"grid9"},{"name":"grid12a","label":"그리드 5x5 아이템 12개 타입A","value":"grid12a"},{"name":"grid12b","label":"그리드 5x5 아이템 12개 타입B","value":"grid12b"}]]]></option>
			<default>grid8</default>
			<description>
				<![CDATA[ 몬드리안 그리드 타입을 선택합니다. 타입에 따라 목록에 출력하는 갯수도 함께 변경해야 합니다. ]]>
			</description>
		</variable>
		<variable>
			<name>short-date</name>
			<label>
				<![CDATA[ 짧은 날짜 사용(년월일) ]]>
			</label>
			<type>BOOL</type>
			<option />
			<default>true</default>
			<description>
				<![CDATA[ 기본 년월일시분초 대신 짧은 년월일 표시를 사용합니다. ]]>
			</description>
		</variable>
		<variable>
			<name>view-more</name>			<label>
				<![CDATA[ 목록 더보기 ]]>
			</label>
			<type>BOOL</type>
			<option />
			<default>true</default>
			<description>
				<![CDATA[ 페이징 대신 목록 더보기를 사용합니다. ]]>
			</description>
		</variable>
		<variable>
			<name>sns-pinterest</name>
			<label><![CDATA[ Pinterest URL ]]></label>
			<type>STRING</type>
			<option />
			<default></default>
			<description><![CDATA[ Pinterest URL를 입력해주세요. ]]></description>
		</variable>
		<variable>
			<name>sns-facebook</name>
			<label><![CDATA[ Facebook URL ]]></label>
			<type>STRING</type>
			<option />
			<default></default>
			<description><![CDATA[ Facebook URL를 입력해주세요. ]]></description>
		</variable>
		<variable>
			<name>sns-twitter</name>
			<label><![CDATA[ Twitter URL ]]></label>
			<type>STRING</type>
			<option />
			<default></default>
			<description><![CDATA[ Twitter URL를 입력해주세요. ]]></description>
		</variable>
		<variable>
			<name>sns-instagram</name>
			<label><![CDATA[ Instagram URL ]]></label>
			<type>STRING</type>
			<option />
			<default></default>
			<description><![CDATA[ Instagram URL를 입력해주세요. ]]></description>
		</variable>
	</variables>
</skin>
