<?xml version="1.0" encoding="utf-8"?>
<skin>
	<information>
		<name>반응형 허브가든</name>
		<version>1.2.0</version>
		<description>
			<![CDATA[ 반응형으로 제작된 홈페이지형 블로그를 구성할 수 있는 스킨입니다. ]]>
		</description>
		<license>
			<![CDATA[ MIT License ]]>
		</license>
	</information>
	<author>
		<name>responsive herb garden blog</name>
		<homepage>https://blogpack.tistory.com</homepage>
		<email>extflash@gmail.com</email>
	</author>
	<default>
		<entriesOnPage>8</entriesOnPage>
		<entriesOnList>8</entriesOnList>
		<recentEntries>5</recentEntries>
		<recentComments>4</recentComments>
		<recentTrackbacks>4</recentTrackbacks>
		<itemsOnGuestbook>10</itemsOnGuestbook>
		<tagsInCloud>30</tagsInCloud>
		<sortInCloud>3</sortInCloud>
		<expandComment>1</expandComment>
		<lengthOfRecentNotice>25</lengthOfRecentNotice>
		<lengthOfRecentEntry>27</lengthOfRecentEntry>
		<lengthOfRecentComment>30</lengthOfRecentComment>
		<lengthOfRecentTrackback>30</lengthOfRecentTrackback>
		<lengthOfLink>30</lengthOfLink>
		<showListOnCategory>1</showListOnCategory>
		<showListOnArchive>1</showListOnArchive>
		<commentMessage>
			<none>0</none>
			<single>1</single>
		</commentMessage>
		<trackbackMessage>
			<none>0</none>
			<single>1</single>
		</trackbackMessage>
		<tree>
			<color>000000</color>
			<bgColor>ffffff</bgColor>
			<activeColor>000000</activeColor>
			<activeBgColor>eeeeee</activeBgColor>
			<labelLength>27</labelLength>
			<showValue>1</showValue>
		</tree>
		<contentWidth>840</contentWidth>
		<cover>
		<![CDATA[
		[
			{
				"name": "cover-slider",
				"title": "",
				"dataType": "CUSTOM",
				"data": [
					{
						"title": "허브가든은 직접 운영하는 허브농장에서 기른 허브로 생산된 제품을 공급합니다.",
						"summary": "",
						"url": "",
						"thumbnail": "https://img1.daumcdn.net/thumb/R640x0/?scode=mtistory&fname=https%3A%2F%2Fk.kakaocdn.net%2Fdn%2FoKSou%2FbtquC0jPCvA%2Fb3kZEA3wWhd7hFle5YSTXK%2Fimg.jpg"
					},
					{
						"title": "허브가든은 일일 허브 체험교실을 운영하고 있습니다. 이메일로 문의해주세요.",
						"summary": "",
						"url": "/",
						"thumbnail": "https://img1.daumcdn.net/thumb/R640x0/?scode=mtistory&fname=https%3A%2F%2Fk.kakaocdn.net%2Fdn%2Fbox0Ac%2FbtquDBjziCH%2FyblI2xt1Skexwk9Jxa6jVk%2Fimg.jpg"
					},
					{
						"title": "허브 제품 구입은 허브가든에서 운영하는 아로마가든 쇼핑몰을 이용해주세요.",
						"summary": "",
						"url": "",
						"thumbnail": "https://img1.daumcdn.net/thumb/R640x0/?scode=mtistory&fname=https%3A%2F%2Fk.kakaocdn.net%2Fdn%2FbmqUD0%2FbtquDXfqXV0%2Fk3006DkCmukvuVRGIF3Ew1%2Fimg.jpg"
					}
				]
			},
			{
				"name": "cover-sitemap",
				"title": "intro",
				"dataType": "CUSTOM",
				"data": []
			},
			{
				"name": "cover-thumbnail-list",
				"title": "차와 허브가 있는 허브농장 허브가든에서 힐링하고 가세요.",
				"dataType": "CUSTOM",
				"data": [
					{
						"title": "카페에서 허브차와 용품을 구입할 수 있습니다.",
						"summary": "10만원 이상 매장 구입시 봄 한정판 아모마 향초세트를 사은품으로 드립니다.",
						"url": "/",
						"thumbnail": "https://img1.daumcdn.net/thumb/R640x0/?scode=mtistory&fname=https%3A%2F%2Fk.kakaocdn.net%2Fdn%2F5eEW2%2FbtquEzL74gA%2FGJyrSf8EjCFO6XIOzpCQJk%2Fimg.jpg"
					},
					{
						"title": "봄시즌을 맞아 야외 테라스 카페를 운영하고 있습니다.",
						"summary": "주말에는 밤 11시까지 개장하므로 싱그러운 밤하늘을 보면서 허브차와 함께 힐링 해보세요.",
						"url": "/",
						"thumbnail": "https://img1.daumcdn.net/thumb/R640x0/?scode=mtistory&fname=https%3A%2F%2Fk.kakaocdn.net%2Fdn%2FchxBSi%2FbtquEBb6Iem%2FQM5l3WRkaBTV561OYfl1kK%2Fimg.jpg"
					}
				]
			},
			{
				"name": "cover-thumbnail-list",
				"title": "썸네일 리스트를 타입별로 출력합니다.<br/>2개, 3개, 4개, 6개, 8개를 출력할 수 있으며, 갯수에 따라 자동으로 레이아웃이 변합니다.",
				"dataType": "CUSTOM",
				"data": [
					{
						"title": "여러분의 게시물을",
						"summary": "",
						"url": "",
						"thumbnail": "https://img1.daumcdn.net/thumb/R640x0/?scode=mtistory&fname=https%3A%2F%2Fk.kakaocdn.net%2Fdn%2FGBNLA%2FbtquCLNYjt8%2FQyKxsckNbqcNa7dkmAKnR0%2Fimg.jpg"
					},
					{
						"title": "최신순으로",
						"summary": "",
						"url": "",
						"thumbnail": "https://img1.daumcdn.net/thumb/R640x0/?scode=mtistory&fname=https%3A%2F%2Fk.kakaocdn.net%2Fdn%2FsQ8k1%2FbtquDBw62vf%2F6lXiFRHIB73cSeHSf71EB1%2Fimg.jpg"
					},
					{
						"title": "노출할 수 있습니다.",
						"summary": "",
						"url": "",
						"thumbnail": "https://img1.daumcdn.net/thumb/R640x0/?scode=mtistory&fname=https%3A%2F%2Fk.kakaocdn.net%2Fdn%2FbAMquj%2FbtquDrO3NhN%2FoII3SaoD2hgmwSmhW03tIk%2Fimg.jpg"
					}
				]
			},
			{
				"name": "cover-sitemap",
				"title": "service",
				"dataType": "CUSTOM",
				"data": []
			},
			{
				"name": "cover-thumbnail-list",
				"title": "썸네일 리스트를 타입별로 출력합니다. 2개, 3개, 4개를 출력할 수 있으며, 갯수에 따라 자동으로 레이아웃이 변합니다.",
				"dataType": "CUSTOM",
				"data": [
					{
						"title": "아이템 수정을 통해",
						"summary": "",
						"url": "",
						"thumbnail": "https://img1.daumcdn.net/thumb/R640x0/?scode=mtistory&fname=https%3A%2F%2Fk.kakaocdn.net%2Fdn%2FkWSSR%2FbtquEAqJGCw%2Fn7BwOIBb1gmzpSHEekECA1%2Fimg.jpg"
					},
					{
						"title": "여러분의 게시물을",
						"summary": "",
						"url": "",
						"thumbnail": "https://img1.daumcdn.net/thumb/R640x0/?scode=mtistory&fname=https%3A%2F%2Fk.kakaocdn.net%2Fdn%2FQTTym%2FbtquBLA9YL7%2FBdK1AsHHSsGOWPApQhknTK%2Fimg.jpg"
					},
					{
						"title": "최신순으로",
						"summary": "",
						"url": "",
						"thumbnail": "https://img1.daumcdn.net/thumb/R640x0/?scode=mtistory&fname=https%3A%2F%2Fk.kakaocdn.net%2Fdn%2FwuEhw%2FbtquDASzp2q%2FJhKOHJpyHSGpQkcjNnrhH0%2Fimg.jpg"
					},
					{
						"title": "노출할 수 있습니다.",
						"summary": "",
						"url": "",
						"thumbnail": "https://img1.daumcdn.net/thumb/R640x0/?scode=mtistory&fname=https%3A%2F%2Fk.kakaocdn.net%2Fdn%2FbEwXvA%2FbtquDAygXxQ%2F7iFj89eZerxKYVozwJ2FT1%2Fimg.jpg"
					}
				]
			},
			{
				"name": "cover-list",
				"title": "허브가든이 운영하는 쇼핑몰 아로마가든",
				"dataType": "CUSTOM",
				"data": [
					{
						"title": "봄을 맞이해 이번달 한정으로 적립금 10%를 적립해드립니다.",
						"summary": "상품별 추가 적립금이 있는 상품들은 추가 적립이 가능합니다.<br/>이월 상품, 또는 할인적용 상품은 적립금 대상에서 제외되니 양해 바랍니다.",
						"url": "",
						"thumbnail": "https://img1.daumcdn.net/thumb/R640x0/?scode=mtistory&fname=https%3A%2F%2Fk.kakaocdn.net%2Fdn%2FcnYvix%2FbtquCiS5fd5%2Fuu7azvswoyO0CBKbpHpcDK%2Fimg.jpg"
					}
				]
			},
			{
				"name": "cover-gallery",
				"title": "링크 없는 갤러리 : 2,3,4,6,8 개를 표시할 수 있습니다.",
				"dataType": "CUSTOM",
				"data": [
					{
						"title": "하이퍼링크 없이",
						"summary": "",
						"url": "",
						"thumbnail": "https://img1.daumcdn.net/thumb/R640x0/?scode=mtistory&fname=https%3A%2F%2Fk.kakaocdn.net%2Fdn%2Fdh6k7i%2FbtquEBpDPY8%2FKhN9C1ay9ZmIgW2sTZcGX1%2Fimg.jpg"
					},
					{
						"title": "이미지와 텍스트를 표시하는 갤러리입니다.",
						"summary": "",
						"url": "",
						"thumbnail": "https://img1.daumcdn.net/thumb/R640x0/?scode=mtistory&fname=https%3A%2F%2Fk.kakaocdn.net%2Fdn%2FbE1pK5%2FbtquDWt1HjA%2FF0agpvlOXiJbkp6y6yzBkK%2Fimg.jpg"
					},
					{
						"title": "마우스 호버를 하면",
						"summary": "",
						"url": "",
						"thumbnail": "https://img1.daumcdn.net/thumb/R640x0/?scode=mtistory&fname=https%3A%2F%2Fk.kakaocdn.net%2Fdn%2Fcpm8jJ%2FbtquDX7xRI5%2FnTWIegWlAAKr9EWTCIvoQ1%2Fimg.jpg"
					},
					{
						"title": "텍스트 내용이 표시됩니다.",
						"summary": "",
						"url": "",
						"thumbnail": "https://img1.daumcdn.net/thumb/R640x0/?scode=mtistory&fname=https%3A%2F%2Fk.kakaocdn.net%2Fdn%2FO8QYd%2FbtquDBjzgfb%2F3KFZ1SuW0eRCjTu67LLvuk%2Fimg.jpg"
					}
				]
			},
			{
				"name": "cover-gallery",
				"title": "아로마 갤러리",
				"dataType": "CUSTOM",
				"data": [
					{
						"title": "허브가든에서 재배하는 허브들1",
						"summary": "",
						"url": "",
						"thumbnail": "https://img1.daumcdn.net/thumb/R640x0/?scode=mtistory&fname=https%3A%2F%2Fk.kakaocdn.net%2Fdn%2FlG75z%2FbtquCttgDg7%2FB7UQBjLituOiqk0SBwLfFK%2Fimg.jpg"
					},
					{
						"title": "허브가든에서 재배하는 허브들2",
						"summary": "",
						"url": "",
						"thumbnail": "https://img1.daumcdn.net/thumb/R640x0/?scode=mtistory&fname=https%3A%2F%2Fk.kakaocdn.net%2Fdn%2Fb1IRan%2FbtquDtzjSkL%2FYuQrhQfK6alW5oS0qq2WJK%2Fimg.jpg"
					},
					{
						"title": "허브가든에서 재배하는 허브들3",
						"summary": "",
						"url": "",
						"thumbnail": "https://img1.daumcdn.net/thumb/R640x0/?scode=mtistory&fname=https%3A%2F%2Fk.kakaocdn.net%2Fdn%2Fbwfp4k%2FbtquDr2DiV4%2FZJArak1Qhl3aBuogkpKQMK%2Fimg.jpg"
					}
				]
			},
			{
				"name": "cover-gallery",
				"title": "시즌 이월상품 소개.",
				"dataType": "CUSTOM",
				"data": [
					{
						"title": "아로마 샴푸 50% 세일 상품",
						"summary": "",
						"url": "",
						"thumbnail": "https://img1.daumcdn.net/thumb/R640x0/?scode=mtistory&fname=https%3A%2F%2Fk.kakaocdn.net%2Fdn%2FbJxWxT%2FbtquC0LFT0R%2FGEKUcmgztDZt9B9SANlRXK%2Fimg.jpg"
					},
					{
						"title": "아로마 오일 25% 세일 상품",
						"summary": "",
						"url": "",
						"thumbnail": "https://img1.daumcdn.net/thumb/R640x0/?scode=mtistory&fname=https%3A%2F%2Fk.kakaocdn.net%2Fdn%2FcwA72E%2FbtquEPPtisk%2FAQGCPvyRKkxl1aKJElMx7k%2Fimg.jpg"
					}
				]
			},
			{
				"name": "cover-list",
				"title": "할인 이벤트",
				"dataType": "CUSTOM",
				"data": [
					{
						"title": "봄을 맞이해 이번달 한정으로 적립금 10%를 적립해드립니다.",
						"summary": "상품별 추가 적립금이 있는 상품들은 추가 적립이 가능합니다.<br/>이월 상품, 또는 할인적용 상품은 적립금 대상에서 제외되니 양해 바랍니다.",
						"url": "",
						"thumbnail": "https://img1.daumcdn.net/thumb/R640x0/?scode=mtistory&fname=https%3A%2F%2Fk.kakaocdn.net%2Fdn%2FqOWht%2FbtquDB41fFf%2FhBaFGnoGk2sFAQLgrXH1Ok%2Fimg.jpg"
					}
				]
			},
			{
				"name": "cover-sitemap",
				"title": "contact",
				"dataType": "CUSTOM",
				"data": []
			},
			{
				"name": "cover-list",
				"title": "연락처",
				"dataType": "CUSTOM",
				"data": [
					{
						"title": "02-1234-5678",
						"summary": "이메일: emailid@domain.com<br/>팩스: 02-2345-6789",
						"url": "",
						"thumbnail": "https://img1.daumcdn.net/thumb/R640x0/?scode=mtistory&fname=https%3A%2F%2Fk.kakaocdn.net%2Fdn%2FbnBqQo%2FbtquEAE3loB%2FxiqB505pZjanUHqkvdwRLK%2Fimg.jpg"
					}
				]
			}
		]
		]]>
		</cover>
	</default>
	<cover>
		<item>
			<name>cover-slider</name>
			<label><![CDATA[ 슬라이더 ]]></label>
			<description><![CDATA[ 좌우 스와이프가 가능한 상단 영역을 차지하는 슬라이더입니다. ]]></description>
		</item>
		<item>
			<name>cover-list</name>
			<label><![CDATA[ 가로 풀배너 ]]></label>
			<description><![CDATA[ 1개의 아이템을 큰 가로 풀배너 형태로 보여주는 배너입니다. 이미지 없을 경우 기본 배경색이 표시됩니다.]]></description>
		</item>
		<item>
			<name>cover-thumbnail-list</name>
			<label><![CDATA[ 이미지 썸네일 리스트 ]]></label>
			<description><![CDATA[ 하이퍼링크가 있는 썸네일 리스트를 보여줍니다. ]]></description>
		</item>
		<item>
			<name>cover-gallery</name>
			<label><![CDATA[ 이미지 썸네일 리스트[링크x] ]]></label>
			<description><![CDATA[ 하이퍼링크 없이 섬네일만 나열하여 보여줍니다. 마우스오버시 타이틀이 노출됩니다. ]]></description>
		</item>
		<item>
			<name>cover-sitemap</name>
			<label><![CDATA[ 메뉴 링크 사이트맵 ]]></label>
			<description><![CDATA[ 탑메뉴에서 연결한 하이퍼링크 사이트맵을 표시합니다. ]]></description>
		</item>
	</cover>
	<variables>
		<variable>
			<name>view-more</name>
			<label>
				<![CDATA[ 목록 더보기 ]]>
			</label>
			<type>BOOL</type>
			<option />
			<default>false</default>
			<description>
				<![CDATA[ 페이징 대신 목록 더보기를 사용합니다. ]]>
			</description>
		</variable>
		<variable>
			<name>paging-type</name>
			<label>
				<![CDATA[ 글목록, 글보기 페이징 타입 ]]>
			</label>
			<type>SELECT</type>
			<default>pagelist</default>
			<option><![CDATA[[{"name":"prevnext","label":"이전/다음","value":"prevnext"},{"name":"pagelist","label":"페이지목록","value":"pagelist"}]]]></option>
			<description>
				<![CDATA[ 글목록 페이지 이동, 글보기 글 이동시 페이지 이동을 위한 하단 페이징 표시 방법을 선택합니다. ]]>
			</description>
		</variable>
		<variable>
			<name>background-color</name>
			<label>
				<![CDATA[ 스킨 배경색 선택 ]]>
			</label>
			<type>COLOR</type>
			<option />
			<default>#f6f6f6</default>
			<description>
				<![CDATA[ 스킨 배경색을 선택합니다. ]]>
			</description>
		</variable>
		<variable>
			<name>title-color</name>
			<label>
				<![CDATA[ 블로그 타이틀 컬러 선택 ]]>
			</label>
			<type>COLOR</type>
			<option />
			<default>#000</default>
			<description>
				<![CDATA[ 상단 블로그 제목 색상을 선택합니다. ]]>
			</description>
		</variable>
		<variable>
			<name>view-profile</name>
			<label>
				<![CDATA[ 프로필 보기 ]]>
			</label>
			<type>BOOL</type>
			<option />
			<default>true</default>
			<description>
				<![CDATA[ 프로필 정보 표시 여부를 선택합니다. ]]>
			</description>
		</variable>
		<variable>
			<name>view-snsicon</name>
			<label>
				<![CDATA[ SNS 아이콘 보기 ]]>
			</label>
			<type>BOOL</type>
			<option />
			<default>true</default>
			<description>
				<![CDATA[ SNS 아이콘 표시 여부를 선택합니다. ]]>
			</description>
		</variable>
		<variable>
			<name>sns-instagram</name>
			<label><![CDATA[ Instagram URL ]]></label>
			<type>STRING</type>
			<option />
			<default>Instagram</default>
			<description><![CDATA[ Instagram URL를 입력해주세요. ]]></description>
		</variable>
		<variable>
			<name>sns-youtube</name>
			<label><![CDATA[ Youtube URL ]]></label>
			<type>STRING</type>
			<option />
			<default>Youtube</default>
			<description><![CDATA[ Youtube URL를 입력해주세요. ]]></description>
		</variable>
		<variable>
			<name>sns-twitter</name>
			<label><![CDATA[ Twitter URL ]]></label>
			<type>STRING</type>
			<option />
			<default>Twitter</default>
			<description><![CDATA[ Twitter URL를 입력해주세요. ]]></description>
		</variable>
		<variable>
			<name>sns-facebook</name>
			<label><![CDATA[ Facebook URL ]]></label>
			<type>STRING</type>
			<option />
			<default>Facebook</default>
			<description><![CDATA[ Facebook URL를 입력해주세요. ]]></description>
		</variable>
		<variable>
			<name>sns-pinterest</name>
			<label><![CDATA[ Pinterest URL ]]></label>
			<type>STRING</type>
			<option />
			<default>Pinterest</default>
			<description><![CDATA[ Pinterest URL를 입력해주세요. ]]></description>
		</variable>
		<variable>
			<name>sns-email</name>
			<label><![CDATA[ Email Address ]]></label>
			<type>STRING</type>
			<option />
			<default>email@mydomain.com</default>
			<description><![CDATA[ Email Address 를 입력해주세요. ]]></description>
		</variable>
	</variables>
</skin>
