<?xml version="1.0" encoding="utf-8"?>
<skin>
	<information>
		<name>114 반응형 메이슨리 에디션</name>
		<version>1.2.0</version>
		<description>
			<![CDATA[ 
			메이슨리로 제작한 반응형 스킨입니다.
			레이아웃 크기 변화에 맞춰 자동으로 한줄에 표시되는 썸네일 갯수가 애니메이션 되며 변경됩니다.
			많은 갯수의 썸네일을 한 페이지에 표시하는 매거진형 블로그에 추천합니다.
			]]>
		</description>
		<license>
			<![CDATA[ MIT License ]]>
		</license>
	</information>
	<author>
		<name>114 Responsive Masonry Edition</name>
		<homepage>https://blogpack.tistory.com</homepage>
		<email>extflash@gmail.com</email>
	</author>
	<default>
		<entriesOnPage>9</entriesOnPage>
		<entriesOnList>9</entriesOnList>
		<recentEntries>5</recentEntries>
		<recentComments>4</recentComments>
		<recentTrackbacks>4</recentTrackbacks>
		<itemsOnGuestbook>10</itemsOnGuestbook>
		<tagsInCloud>30</tagsInCloud>
		<sortInCloud>3</sortInCloud>
		<expandComment>1</expandComment>
		<lengthOfRecentNotice>25</lengthOfRecentNotice>
		<lengthOfRecentEntry>40</lengthOfRecentEntry>
		<lengthOfRecentComment>30</lengthOfRecentComment>
		<lengthOfRecentTrackback>30</lengthOfRecentTrackback>
		<lengthOfLink>30</lengthOfLink>
		<showListOnCategory>1</showListOnCategory>
		<showListOnArchive>1</showListOnArchive>
		<commentMessage>
			<none>0</none>
			<single>1</single>
		</commentMessage>
		<trackbackMessage>
			<none>0</none>
			<single>1</single>
		</trackbackMessage>
		<tree>
			<color>000000</color>
			<bgColor>ffffff</bgColor>
			<activeColor>000000</activeColor>
			<activeBgColor>eeeeee</activeBgColor>
			<labelLength>27</labelLength>
			<showValue>1</showValue>
		</tree>
		<contentWidth>830</contentWidth>
		<cover>
		<![CDATA[
		[
			{
				"name": "cover-list",
				"title": "",
				"dataType": "RECENT",
				"data": {
					"category": "ALL",
					"size": "8"
				}
			}
		]
		]]>
		</cover>
	</default>
	<cover>
		<item>
			<name>cover-list</name>
			<label><![CDATA[ 리스트 ]]></label>
			<description><![CDATA[ 글목록과 같은 디자인으로 메인에 노출하고 싶은 글을 편집해서 보여주는 리스트입니다. 기본 설정은 최근글 8개 표시입니다. ]]></description>
		</item>
	</cover>
	<variables>
		<variablegroup name="레이아웃">
			<variable>
				<name>layout-width</name>
				<label>
					<![CDATA[ 레이아웃 너비 ]]>
				</label>
				<type>SELECT</type>
				<option><![CDATA[[{"name":"layout-wide","label":"100%(전체너비)","value":"layout-wide"},{"name":"layout-standard","label":"1282px(4개/행)","value":"layout-standard"},{"name":"layout-narrow","label":"968px(3개/행)","value":"layout-narrow"}]]]></option>
				<default>layout-standard</default>
				<description>
					<![CDATA[ 전체 레이아웃 너비를 선택합니다. ]]>
				</description>
			</variable>
		</variablegroup>
		<variablegroup name="공통/페이지">
			<variable>
				<name>body-bg</name>
				<label>
					<![CDATA[ 스킨 배경 이미지 사용 - body-bg.jpg ]]>
				</label>
				<type>BOOL</type>
				<default>false</default>
				<option />
				<description>
					<![CDATA[ 스킨 배경 이미지를 표시 여부를 선택합니다. images 폴더에 body-bg.jpg 이미지 파일을 업로드해야 합니다. ]]>
				</description>
			</variable>
			<variable>
				<name>background-color</name>
				<label>
					<![CDATA[ 스킨 배경색 선택 ]]>
				</label>
				<type>COLOR</type>
				<option />
				<default>#ffffff</default>
				<description>
					<![CDATA[ 스킨 배경색을 선택합니다. ]]>
				</description>
			</variable>
			<variable>
				<name>content-bg</name>
				<label>
					<![CDATA[ 컨텐츠 영역 배경색 선택 ]]>
				</label>
				<type>COLOR</type>
				<option />
				<default>TRANSPARENT</default>
				<description>
					<![CDATA[ 컨텐츠 영역 배경색을 선택합니다. ]]>
				</description>
			</variable>
			<variable>
				<name>highlight-color</name>
				<label>
					<![CDATA[ 하이라이트/테마 컬러 ]]>
				</label>
				<type>COLOR</type>
				<option />
				<default>#448c43</default>
				<description>
					<![CDATA[ 기본 테마 포커스 컬러 및 마우스 오버 컬러를 선택합니다. ]]>
				</description>
			</variable>
			<variable>
				<name>short-date</name>
				<label>
					<![CDATA[ 짧은 날짜 사용(년월일) ]]>
				</label>
				<type>BOOL</type>
				<option />
				<default>true</default>
				<description>
					<![CDATA[ 기본 년월일시분초 대신 짧은 년월일 표시를 사용합니다. ]]>
				</description>
			</variable>
			<variable>
				<name>view-btn-top</name>
				<label>
					<![CDATA[ 탑 스크롤 버튼 사용 ]]>
				</label>
				<type>BOOL</type>
				<option />
				<default>true</default>
				<description>
					<![CDATA[ 오른쪽 하단의 스크롤 탑 버튼을 사용합니다. ]]>
				</description>
			</variable>
			<variable>
				<name>font-type</name>
				<label>
					<![CDATA[ 글꼴타입 ]]>
				</label>
				<type>SELECT</type>
				<option><![CDATA[[{"name":"font-sans","label":"돋움체","value":"font-sans"},{"name":"font-serif","label":"바탕체","value":"font-serif"}]]]></option>
				<default>font-sans</default>
				<description>
					<![CDATA[ 글꼴 타입을 선택합니다. ]]>
				</description>
			</variable>
			<variable>
				<name>narrow-letter-spacing</name>
				<label>
					<![CDATA[ 좁은 글자간격 사용 ]]>
				</label>
				<type>BOOL</type>
				<option />
				<default>false</default>
				<description>
					<![CDATA[ 글자간격을 -1px로 좁게 사용합니다. ]]>
				</description>
			</variable>
		</variablegroup>
		<variablegroup name="헤더">
			<variable>
				<name>title-color</name>
				<label>
					<![CDATA[ 블로그 타이틀 색상 선택 ]]>
				</label>
				<type>COLOR</type>
				<option />
				<default>#22211f</default>
				<description>
					<![CDATA[ 상단 블로그 제목 색상을 선택합니다. ]]>
				</description>
			</variable>
			<variable>
				<name>logo-image</name>
				<label>
					<![CDATA[ 타이틀 대체 이미지 ]]>
				</label>
				<type>IMAGE</type>
				<option />
				<default></default>
				<description>
					<![CDATA[ 블로그 타이틀을 대체해 이미지를 표시합니다. ]]>
				</description>
			</variable>		
		</variablegroup>
		<variablegroup name="사이드바">
			<variable>
				<name>recent-posttype</name>
				<label>
					<![CDATA[ 사이드바 최근글, 인기글 썸네일 표시 ]]>
				</label>
				<type>BOOL</type>
				<option/>
				<default>true</default>
				<description>
					<![CDATA[ 사이드바 최근글, 인기글에 썸네일 표시 여부를 선택합니다.  ]]>
				</description>
			</variable>
			<variable>
				<name>view-profile</name>
				<label>
					<![CDATA[ 프로필 표시 ]]>
				</label>
				<type>BOOL</type>
				<option />
				<default>true</default>
				<description>
					<![CDATA[ 프로필 정보 표시 여부를 선택합니다. ]]>
				</description>
			</variable>
			<variable>
				<name>profile-img-size</name>
				<label>
					<![CDATA[ 프로필 이미지 크기 ]]>
				</label>
				<type>SELECT</type>
				<option><![CDATA[[{"name":"small","label":"작게(원형)","value":""},{"name":"middle","label":"중간크기(둥근사각)","value":"-middle"},{"name":"big","label":"크게(사각)","value":"-big"}]]]></option>
				<default></default>
				<description>
					<![CDATA[ 프로필 이미지 크기를 선택합니다. ]]>
				</description>
			</variable>	
		</variablegroup>
		<variablegroup name="글목록">
			<variable>
				<name>paging-type</name>
				<label>
					<![CDATA[ 페이징 타입 ]]>
				</label>
				<type>SELECT</type>
				<default>pagelist</default>
				<option><![CDATA[[{"name":"paging-view-more","label":"더보기","value":"paging-view-more"},{"name":"prevnext","label":"이전/다음","value":"prevnext"},{"name":"pagelist","label":"페이지목록","value":"pagelist"}]]]></option>
				<description>
					<![CDATA[ 글목록 페이지 이동, 글보기 글 이동시 페이지 이동을 위한 하단 페이징 표시 방법을 선택합니다. ]]>
				</description>
			</variable>
			<variable>
				<name>view-thumbnail-excerpt</name>
				<label><![CDATA[ 글 내용 미리보기 출력 ]]></label>
				<type>BOOL</type>
				<option />
				<default>true</default>
				<description>
					<![CDATA[ 글 내용 미리보기를 출력합니다. 끄면 썸네일과 제목만 표시 ]]>
				</description>
			</variable>
			<variable>
				<name>long-excerpt</name>
				<label>
					<![CDATA[ 긴 글내용 미리보기(4줄) ]]>
				</label>
				<type>BOOL</type>
				<option />
				<default>false</default>
				<description>
					<![CDATA[ 글 내용 미리보기를 2줄 -> 4줄로 사용합니다. ]]>
				</description>
			</variable>
			<variable>
				<name>thum-height</name>
				<label>
					<![CDATA[ 썸네일 이미지 높이 제한 ]]>
				</label>
				<type>SELECT</type>
				<option><![CDATA[[{"name":"auto","label":"자동","value":"auto"},{"name":"height200","label":"200px고정","value":"200px"},{"name":"height300","label":"300px고정","value":"300px"},{"name":"height400","label":"400px고정","value":"400px"},{"name":"height500","label":"500px고정","value":"500px"}]]]></option>
				<default>auto</default>
				<description>
					<![CDATA[ 썸네일 이미지 높이를 고정합니다. ]]>
				</description>
			</variable>
			<variable>
				<name>box-shadow</name>
				<label>
					<![CDATA[ 그림자 효과 적용 ]]>
				</label>
				<type>BOOL</type>
				<option />
				<default>true</default>
				<description>
					<![CDATA[ 글목록 아이템 배경에 그림자 효과를 적용합니다. ]]>
				</description>
			</variable>		
			<variable>
				<name>box-rounder</name>
				<label>
					<![CDATA[ 테두리 둥글게 ]]>
				</label>
				<type>BOOL</type>
				<option />
				<default>false</default>
				<description>
					<![CDATA[ 글목록 썸네일 테두리를 둥글게 합니다. ]]>
				</description>
			</variable>		
			<variable>
				<name>view-thumbnail-date</name>
				<label><![CDATA[ 글 목록 날짜 출력 ]]></label>
				<type>BOOL</type>
				<option />
				<default>true</default>
				<description>
					<![CDATA[ 글 목록에 날짜를 표시합니다.  ]]>
				</description>
			</variable>
		</variablegroup>
		<variablegroup name="글보기">
			<variable>
				<name>content-width</name>
				<label>
					<![CDATA[ 글보기 영역 너비 제한 ]]>
				</label>
				<type>SELECT</type>
				<default>entry-content1282</default>
				<option><![CDATA[[{"name":"entry-content100","label":"100%너비","value":"entry-content100"},{"name":"entry-content1282","label":"1282px","value":"entry-content1282"},{"name":"entry-content968","label":"968px","value":"entry-content968"},{"name":"entry-content800","label":"800px","value":"entry-content800"},{"name":"entry-content700","label":"700px","value":"entry-content700"}]]]></option>
				<description>
					<![CDATA[ 글목록 페이지 이동, 글보기 글 이동시 페이지 이동을 위한 하단 페이징 표시 방법을 선택합니다. ]]>
				</description>
			</variable>
		</variablegroup>		
		<variablegroup name="푸터">
			<variable>
				<name>footer-image</name>
				<label>
					<![CDATA[ 푸터 이미지 표시 ]]>
				</label>
				<type>IMAGE</type>
				<option />
				<default></default>
				<description>
					<![CDATA[ 푸터에 이미지를 표시합니다. ]]>
				</description>
			</variable>
			<variable>
				<name>footer-text</name>
				<label>
					<![CDATA[ 푸터 텍스트 표시 ]]>
				</label>
				<type>STRING</type>
				<option />
				<default></default>
				<description>
					<![CDATA[ 푸터 텍스트를 표시합니다. ]]>
				</description>
			</variable>
			<variable>
				<name>show-blog-menu</name>
				<label>
					<![CDATA[ 블로그 메뉴 표시 ]]>
				</label>
				<type>BOOL</type>
				<option />
				<default>true</default>
				<description>
					<![CDATA[ 푸터 블로그 메뉴를 표시합니다. ]]>
				</description>
			</variable>
			<variable>
				<name>blogmenu-color</name>
				<label>
					<![CDATA[ 블로그 메뉴 색상 선택 ]]>
				</label>
				<type>COLOR</type>
				<option />
				<default>#22211f</default>
				<description>
					<![CDATA[ 블로그 메뉴 색상을 선택합니다. ]]>
				</description>
			</variable>			
			<variable>
				<name>view-snsicon</name>
				<label>
					<![CDATA[ SNS 아이콘 표시 ]]>
				</label>
				<type>BOOL</type>
				<option />
				<default>true</default>
				<description>
					<![CDATA[ SNS 아이콘 표시 여부를 선택합니다. ]]>
				</description>
			</variable>
			<variable>
				<name>newwindow-snslink</name>
				<label>
					<![CDATA[ 새창(탭)에 SNS 링크 열기 ]]>
				</label>
				<type>BOOL</type>
				<option />
				<default>true</default>
				<description>
					<![CDATA[ 새창(탭)에 SNS 링크 페이지를 엽니다. ]]>
				</description>
			</variable>
			<variable>
				<name>sns-pinterest</name>
				<label><![CDATA[ Pinterest URL ]]></label>
				<type>STRING</type>
				<option />
				<default>Pinterest</default>
				<description><![CDATA[ Pinterest URL를 입력해주세요. ]]></description>
			</variable>
			<variable>
				<name>sns-facebook</name>
				<label><![CDATA[ Facebook URL ]]></label>
				<type>STRING</type>
				<option />
				<default>Facebook</default>
				<description><![CDATA[ Facebook URL를 입력해주세요. ]]></description>
			</variable>
			<variable>
				<name>sns-twitter</name>
				<label><![CDATA[ Twitter URL ]]></label>
				<type>STRING</type>
				<option />
				<default>Twitter</default>
				<description><![CDATA[ Twitter URL를 입력해주세요. ]]></description>
			</variable>
			<variable>
				<name>sns-instagram</name>
				<label><![CDATA[ Instagram URL ]]></label>
				<type>STRING</type>
				<option />
				<default>Instagram</default>
				<description><![CDATA[ Instagram URL를 입력해주세요. ]]></description>
			</variable>
			<variable>
				<name>sns-youtube</name>
				<label><![CDATA[ Youtube URL ]]></label>
				<type>STRING</type>
				<option />
				<default>Youtube</default>
				<description><![CDATA[ Youtube URL를 입력해주세요. ]]></description>
			</variable>
			<variable>
				<name>sns-email</name>
				<label><![CDATA[ Email Address ]]></label>
				<type>STRING</type>
				<option />
				<default>email@mydomain.com</default>
				<description><![CDATA[ Email Address 를 입력해주세요. ]]></description>
			</variable>					
		</variablegroup>
	</variables>
</skin>
