<?xml version="1.0" encoding="utf-8"?>
<skin>
<information>
<name>반응형 그리드 1단 940 스킨</name> 
<version>1.0</version>
<description>
<![CDATA[ 
웹표준을 준수한 반응형 티스토리 스킨입니다.
레이아웃 너비를 940px로 제한해 고정된 좁은 너비를 가진 스킨입니다.
레이아웃 좌우 여백은 각각 30px입니다.
사이드바 메뉴를 상단에 위치시켜 1단으로 심플하게 만든 스킨입니다.
기본 사용컬러도 흑백톤을 기본으로 해서 최대한 단순하게 보이도록 했습니다.
font awesome 을 사용해서 별도 아이콘 이미지 없이 skin.html, style.css, script.js 파일 3개만으로 스킨이 구성됩니다.
그리드형으로 사진형 블로그나 포토갤러리 형으로 블로그를 구성하는데 좋은 스킨입니다.
브라우저 크기에 맞춰 글 목록의 사진이 자동으로 크기가 조절됩니다.
브라우저 크기가 작아지면 3개, 2개, 1개로 한줄당 글 갯수가 자동으로 변경됩니다.
]]>
</description>
<license>
<![CDATA[자유롭게 수정이 가능하며, 저작권 표시하에 재배포 가능합니다.]]>
</license>
</information> 
<author>
<name>reactive grid single mono tistory skin</name>
<homepage>http://blogpack.tistory.com</homepage>
<email>extflash@gmail.com</email>
</author> 
<default>
<recentEntries>5</recentEntries> 
<recentComments>5</recentComments>
<recentTrackbacks>5</recentTrackbacks>
<itemsOnGuestbook>10</itemsOnGuestbook>
<tagsInCloud>30</tagsInCloud>
<sortInCloud>3</sortInCloud> 
<expandComment>0</expandComment>
<expandTrackback>0</expandTrackback> 
<lengthOfRecentNotice>25</lengthOfRecentNotice>
<lengthOfRecentEntry>27</lengthOfRecentEntry>
<lengthOfRecentComment>30</lengthOfRecentComment> 
<lengthOfRecentTrackback>30</lengthOfRecentTrackback> 
<lengthOfLink>30</lengthOfLink>
<showListOnCategory>1</showListOnCategory>
<showListOnArchive>1</showListOnArchive> 
<commentMessage>
<none>댓글이 없습니다.</none> 
<single>댓글 &lt;span class="cnt"&gt;한개&lt;/span&gt; 달렸습니다.</single>
</commentMessage>
<trackbackMessage>
<none>받은 트랙백이 없고</none>
<single>트랙백이 &lt;span class="cnt"&gt;한개&lt;/span&gt;이고</single>
</trackbackMessage> 
<tree>
<color>000000</color> 
<bgColor>ffffff</bgColor>
<activeColor>000000</activeColor> 
<activeBgColor>eeeeee</activeBgColor>
<labelLength>27</labelLength> 
<showValue>1</showValue>
</tree>
<contentWidth>820</contentWidth>
</default>
</skin>