<?xml version="1.0" encoding="utf-8"?>
<skin>
	<information>
		<name>085 반응형 미니멀2</name>
		<version>1.2.0</version>
		<description>
			<![CDATA[ 
			좌우 폭이 좁고 심플한 미니멀 레이아웃을 가진 1단 스킨입니다.
			배경색 및 컨텐츠 배경 색상을 변경할 수 있습니다.
			컨텐츠 영역 너비를 다양하게 변경할 수 있습니다.
			40개 이상의 스킨 옵션 설정을 이용해 무한대의 다양한 1단 스킨 레이아웃을 생성할 수 있습니다.
			]]>
		</description>
		<license>
			<![CDATA[ MIT License ]]>
		</license>
	</information>
	<author>
		<name>085 Responsive Minimal2</name>
		<homepage>https://blogpack.tistory.com</homepage>
		<email>extflash@gmail.com</email>
	</author>
	<default>
		<entriesOnPage>9</entriesOnPage>
		<entriesOnList>9</entriesOnList>
		<recentEntries>5</recentEntries>
		<recentComments>4</recentComments>
		<recentTrackbacks>4</recentTrackbacks>
		<itemsOnGuestbook>10</itemsOnGuestbook>
		<tagsInCloud>30</tagsInCloud>
		<sortInCloud>3</sortInCloud>
		<expandComment>1</expandComment>
		<lengthOfRecentNotice>25</lengthOfRecentNotice>
		<lengthOfRecentEntry>40</lengthOfRecentEntry>
		<lengthOfRecentComment>30</lengthOfRecentComment>
		<lengthOfRecentTrackback>30</lengthOfRecentTrackback>
		<lengthOfLink>30</lengthOfLink>
		<showListOnCategory>1</showListOnCategory>
		<showListOnArchive>1</showListOnArchive>
		<commentMessage>
			<none>0</none>
			<single>1</single>
		</commentMessage>
		<trackbackMessage>
			<none>0</none>
			<single>1</single>
		</trackbackMessage>
		<tree>
			<color>000000</color>
			<bgColor>ffffff</bgColor>
			<activeColor>000000</activeColor>
			<activeBgColor>eeeeee</activeBgColor>
			<labelLength>27</labelLength>
			<showValue>1</showValue>
		</tree>
		<contentWidth>840</contentWidth>
		<cover>
		<![CDATA[
		[
			{
				"name": "cover-list",
				"title": "",
				"dataType": "RECENT",
				"data": {
					"category": "ALL",
					"size": "9"
				}
			}
		]
		]]>
		</cover>
	</default>
	<cover>
		<item>
			<name>cover-list</name>
			<label><![CDATA[ 리스트 ]]></label>
			<description><![CDATA[ 제목과 본문 내용을 주요하게 보여주는 일반 리스트입니다. ]]></description>
		</item>
	</cover>
	<variables>
		<variablegroup name="레이아웃">
			<variable>
				<name>content-width</name>
				<label>
					<![CDATA[ 컨텐츠 영역 너비 ]]>
				</label>
				<type>SELECT</type>
				<option><![CDATA[[{"name":"tiny-content","label":"아주좁게(568px)","value":"tiny-content"},{"name":"narrow-content","label":"좁게(668px)","value":"narrow-content"},{"name":"standard-content","label":"기본(768px)","value":""},{"name":"wide-content","label":"넓게(868px)","value":"wide-content"},{"name":"huge-content","label":"아주넓게(968px)","value":"huge-content"}]]]></option>
				<default></default>
				<description>
					<![CDATA[ 컨텐츠 영역 너비를 설정합니다. ]]>
				</description>
			</variable>
			<variable>
				<name>layout-padding</name>
				<label>
					<![CDATA[ 레이아웃 상하 여백 ]]>
				</label>
				<type>BOOL</type>
				<option />
				<default>true</default>
				<description>
					<![CDATA[ 전체 레이아웃 상하에 여백을 적용합니다. ]]>
				</description>
			</variable>
			<variable>
				<name>layout-border</name>
				<label>
					<![CDATA[ 레이아웃 테두리선 표시 ]]>
				</label>
				<type>BOOL</type>
				<option />
				<default>true</default>
				<description>
					<![CDATA[ 전체 레이아웃에 테두리선을 사용합니다. ]]>
				</description>
			</variable>
			<variable>
				<name>layout-shadow</name>
				<label>
					<![CDATA[ 레이아웃 그림자 표시 ]]>
				</label>
				<type>BOOL</type>
				<option />
				<default>true</default>
				<description>
					<![CDATA[ 전체 레이아웃 외곽에 그림자 효과를 적용합니다. ]]>
				</description>
			</variable>
			<variable>
				<name>layout-round</name>
				<label>
					<![CDATA[ 레이아웃 모서리 둥글게 표시 ]]>
				</label>
				<type>BOOL</type>
				<option />
				<default>true</default>
				<description>
					<![CDATA[ 전체 레이아웃 모서리를 둥글게 처리합니다. ]]>
				</description>
			</variable>
		</variablegroup>
		<variablegroup name="공통/페이지">
			<variable>
				<name>body-bg</name>
				<label>
					<![CDATA[ 스킨 배경 이미지 사용 - body-bg.jpg ]]>
				</label>
				<type>BOOL</type>
				<default>false</default>
				<option />
				<description>
					<![CDATA[ 스킨 배경 이미지를 표시 여부를 선택합니다. images 폴더에 body-bg.jpg 이미지 파일을 업로드해야 합니다. ]]>
				</description>
			</variable>
			<variable>
				<name>body-bg-color</name>
				<label>
					<![CDATA[ 스킨 배경색 선택 ]]>
				</label>
				<type>COLOR</type>
				<option />
				<default>#fff</default>
				<description>
					<![CDATA[ 스킨 배경색을 선택합니다. ]]>
				</description>
			</variable>
			<variable>
				<name>content-bg-color</name>
				<label>
					<![CDATA[ 컨텐츠 영역 배경색 선택 ]]>
				</label>
				<type>COLOR</type>
				<option />
				<default>#fff</default>
				<description>
					<![CDATA[ 컨텐츠 영역 배경색을 선택합니다. ]]>
				</description>
			</variable>
			<variable>
				<name>highlight-color</name>
				<label>
					<![CDATA[ 하이라이트/테마 컬러 ]]>
				</label>
				<type>COLOR</type>
				<option />
				<default>#D2B780</default>
				<description>
					<![CDATA[ 기본 테마 포커스 컬러 및 마우스 오버 컬러를 선택합니다. ]]>
				</description>
			</variable>
			<variable>
				<name>short-date</name>
				<label>
					<![CDATA[ 짧은 날짜 사용(년월일) ]]>
				</label>
				<type>BOOL</type>
				<option />
				<default>true</default>
				<description>
					<![CDATA[ 기본 년월일시분초 대신 짧은 년월일 표시를 사용합니다. ]]>
				</description>
			</variable>
			<variable>
				<name>view-btn-top</name>
				<label>
					<![CDATA[ 탑 스크롤 버튼 사용 ]]>
				</label>
				<type>BOOL</type>
				<option />
				<default>true</default>
				<description>
					<![CDATA[ 오른쪽 하단의 스크롤 탑 버튼을 사용합니다. ]]>
				</description>
			</variable>
		</variablegroup>
		<variablegroup name="헤더">
			<variable>
				<name>header-bg</name>
				<label>
					<![CDATA[ 헤더 배경 이미지 사용 - header-bg.jpg ]]>
				</label>
				<type>BOOL</type>
				<default>false</default>
				<option />
				<description>
					<![CDATA[ 헤더 배경 이미지를 표시 여부를 선택합니다. images 폴더에 header-bg.jpg 이미지 파일을 업로드해야 합니다. ]]>
				</description>
			</variable>
			<variable>
				<name>title-color</name>
				<label>
					<![CDATA[ 블로그 타이틀 색상 선택 ]]>
				</label>
				<type>COLOR</type>
				<option />
				<default>#000</default>
				<description>
					<![CDATA[ 상단 블로그 제목 색상을 선택합니다. ]]>
				</description>
			</variable>
			<variable>
				<name>logo-image</name>
				<label>
					<![CDATA[ 타이틀 대체 이미지 ]]>
				</label>
				<type>IMAGE</type>
				<option />
				<default></default>
				<description>
					<![CDATA[ 블로그 타이틀을 대체해 이미지를 표시합니다. ]]>
				</description>
			</variable>
			<variable>
				<name>open-search</name>
				<label>
					<![CDATA[ 검색 입력 펼침 ]]>
				</label>
				<type>BOOL</type>
				<default>false</default>
				<option />
				<description>
					<![CDATA[ 검색 입력폼을 펼침 상태로 유지합니다. ]]>
				</description>
			</variable>
		</variablegroup>
		<variablegroup name="사이드바">
			<variable>
				<name>recent-posttype</name>
				<label>
					<![CDATA[ 사이드바 최근글, 인기글 썸네일 표시 ]]>
				</label>
				<type>BOOL</type>
				<option/>
				<default>true</default>
				<description>
					<![CDATA[ 사이드바 최근글, 인기글에 썸네일 표시 여부를 선택합니다.  ]]>
				</description>
			</variable>
			<variable>
				<name>view-profile</name>
				<label>
					<![CDATA[ 프로필 표시 ]]>
				</label>
				<type>BOOL</type>
				<option />
				<default>true</default>
				<description>
					<![CDATA[ 프로필 정보 표시 여부를 선택합니다. ]]>
				</description>
			</variable>
			<variable>
				<name>profile-img-size</name>
				<label>
					<![CDATA[ 프로필 이미지 크기 ]]>
				</label>
				<type>SELECT</type>
				<option><![CDATA[[{"name":"small","label":"작게(원형)","value":""},{"name":"middle","label":"중간크기(둥근사각)","value":"-middle"},{"name":"big","label":"크게(사각)","value":"-big"}]]]></option>
				<default>-middle</default>
				<description>
					<![CDATA[ 프로필 이미지 크기를 선택합니다. ]]>
				</description>
			</variable>
			<variable>
				<name>view-snsicon</name>
				<label>
					<![CDATA[ SNS 아이콘 보기 ]]>
				</label>
				<type>BOOL</type>
				<option />
				<default>true</default>
				<description>
					<![CDATA[ SNS 아이콘 표시 여부를 선택합니다. ]]>
				</description>
			</variable>
			<variable>
				<name>newwindow-snslink</name>
				<label>
					<![CDATA[ 새창(탭)에 SNS 링크 열기 ]]>
				</label>
				<type>BOOL</type>
				<option />
				<default>true</default>
				<description>
					<![CDATA[ 새창(탭)에 SNS 링크 페이지를 엽니다. ]]>
				</description>
			</variable>
			<variable>
				<name>sns-instagram</name>
				<label><![CDATA[ Instagram URL ]]></label>
				<type>STRING</type>
				<option />
				<default>Instagram</default>
				<description><![CDATA[ Instagram URL를 입력해주세요. ]]></description>
			</variable>
			<variable>
				<name>sns-youtube</name>
				<label><![CDATA[ Youtube URL ]]></label>
				<type>STRING</type>
				<option />
				<default>Youtube</default>
				<description><![CDATA[ Youtube URL를 입력해주세요. ]]></description>
			</variable>
			<variable>
				<name>sns-twitter</name>
				<label><![CDATA[ Twitter URL ]]></label>
				<type>STRING</type>
				<option />
				<default>Twitter</default>
				<description><![CDATA[ Twitter URL를 입력해주세요. ]]></description>
			</variable>
			<variable>
				<name>sns-facebook</name>
				<label><![CDATA[ Facebook URL ]]></label>
				<type>STRING</type>
				<option />
				<default>Facebook</default>
				<description><![CDATA[ Facebook URL를 입력해주세요. ]]></description>
			</variable>
			<variable>
				<name>sns-pinterest</name>
				<label><![CDATA[ Pinterest URL ]]></label>
				<type>STRING</type>
				<option />
				<default>Pinterest</default>
				<description><![CDATA[ Pinterest URL를 입력해주세요. ]]></description>
			</variable>
			<variable>
				<name>sns-email</name>
				<label><![CDATA[ Email Address ]]></label>
				<type>STRING</type>
				<option />
				<default>email@mydomain.com</default>
				<description><![CDATA[ Email Address 를 입력해주세요. ]]></description>
			</variable>
		</variablegroup>
		<variablegroup name="글목록">
			<variable>
				<name>list-type</name>
				<label>
					<![CDATA[ 글목록타입 ]]>
				</label>
				<type>SELECT</type>
				<option><![CDATA[[{"name":"list-type-list","label":"목록형","value":"list-type-list"},{"name":"list-type-thumbnail","label":"썸네일형","value":"list-type-thumbnail"}]]]></option>
				<default>list-type-list</default>
				<description>
					<![CDATA[ 글목록 타입을 목록형과 썸네일형중 선택할 수 있습니다. ]]>
				</description>
			</variable>
			<variable>
				<name>paging-type</name>
				<label>
					<![CDATA[ 페이징 타입 ]]>
				</label>
				<type>SELECT</type>
				<default>pagelist</default>
				<option><![CDATA[[{"name":"paging-view-more","label":"더보기","value":"paging-view-more"},{"name":"prevnext","label":"이전/다음","value":"prevnext"},{"name":"pagelist","label":"페이지목록","value":"pagelist"}]]]></option>
				<description>
					<![CDATA[ 글목록 페이지 이동, 글보기 글 이동시 페이지 이동을 위한 하단 페이징 표시 방법을 선택합니다. ]]>
				</description>
			</variable>
			<variable>
				<name>view-thumbnail-excerpt</name>
				<label><![CDATA[ 글 미리보기 내용 출력 ]]></label>
				<type>BOOL</type>
				<option />
				<default>true</default>
				<description>
					<![CDATA[ 글 내용 미리보기를 출력합니다. 끄면 썸네일과 제목만 표시 ]]>
				</description>
			</variable>
			<variable>
				<name>view-thumbnail-date</name>
				<label><![CDATA[ 글 목록 날짜 출력 ]]></label>
				<type>BOOL</type>
				<option />
				<default>true</default>
				<description>
					<![CDATA[ 글 목록에 날짜를 표시합니다.  ]]>
				</description>
			</variable>
			<variable>
				<name>place-thumbnail-holder</name>
				<label><![CDATA[ 썸네일 이미지 빈 영역 자리 차지 ]]></label>
				<type>BOOL</type>
				<option />
				<default>true</default>
				<description>
					<![CDATA[ 썸네일 이미지가 없을 경우 빈 이미지 아이콘 표시와 함께 영역을 차지합니다.  ]]>
				</description>
			</variable>
			<variable>
				<name>thumbnail-ratio11</name>
				<label>
					<![CDATA[ 1:1 썸네일 이미지 표시 ]]>
				</label>
				<type>BOOL</type>
				<option />
				<default>true</default>
				<description>
					<![CDATA[ 글목록 썸네일 이미지를 1:1 비율로 표시합니다. ]]>
				</description>
			</variable>
			<variable>
				<name>list-text-center</name>
				<label>
					<![CDATA[ 텍스트 가운데 정렬 ]]>
				</label>
				<type>BOOL</type>
				<option />
				<default>false</default>
				<description>
					<![CDATA[ 제목, 날짜, 글내용 미리보기의 텍스트 정렬을 가운데로 합니다. ]]>
				</description>
			</variable>
			<variable>
				<name>list-saturation-effect</name>
				<label>
					<![CDATA[ 이미지 흑백효과 적용 ]]>
				</label>
				<type>BOOL</type>
				<option />
				<default>true</default>
				<description>
					<![CDATA[ 썸네일 이미지에 흑백 필터를 적용합니다.(IE미지원) ]]>
				</description>
			</variable>
		</variablegroup>
		<variablegroup name="푸터">
			<variable>
				<name>footer-image</name>
				<label>
					<![CDATA[ 푸터 이미지 표시 ]]>
				</label>
				<type>IMAGE</type>
				<option />
				<default></default>
				<description>
					<![CDATA[ 푸터에 이미지를 표시합니다. ]]>
				</description>
			</variable>
			<variable>
				<name>footer-text</name>
				<label>
					<![CDATA[ 푸터 텍스트 표시 ]]>
				</label>
				<type>STRING</type>
				<option />
				<default></default>
				<description>
					<![CDATA[ 푸터 텍스트를 표시합니다. ]]>
				</description>
			</variable>
			<variable>
				<name>show-blog-menu</name>
				<label>
					<![CDATA[ 블로그 메뉴 표시 ]]>
				</label>
				<type>BOOL</type>
				<option />
				<default>true</default>
				<description>
					<![CDATA[ 푸터 블로그 메뉴를 표시합니다. ]]>
				</description>
			</variable>
		</variablegroup>
	</variables>
</skin>
