<?xml version="1.0" encoding="utf-8"?>
<skin>
<information>
<name>반응형 그리드 고정사이드바 흑백</name> 
<version>1.2.0</version>
<description>
<![CDATA[ 웹표준을 준수한 반응형 티스토리 스킨입니다.
사이드바는 모바일 화면이 아닌 경우 왼쪽에 고정되어 있습니다.
사이드바 위젯 요소가 표시되지 않습니다. 최소한의 미닐멀한 블로그 환경을 원하는 경우에 맞춰 제작되었습니다.
font awesome 을 사용해서 별도 아이콘 이미지 없이 skin.html, style.css, script.js 파일 3개만으로 스킨이 구성됩니다.
텍스트 및 아미지 모두 기본 보기 상태가 흑백(그레이스케일) 입니다.
스킨 레이아웃은 기본 100% 너비를 기준으로 하며, 한행에 표시되는 목록 썸네일은 4개입니다.
웹브라우저 너비가 줄어들면 4개, 2개, 1개로 한줄당 글 썸네일 갯수가 자동으로 변경됩니다.
]]>
</description>
<license>
<![CDATA[자유롭게 수정이 가능하며, 저작권 표시하에 재배포 가능합니다.]]>
</license>
</information> 
<author>
<name>reactive grid3 vintage tistory skin</name>
<homepage>http://blogpack.tistory.com</homepage>
<email>extflash@gmail.com</email>
</author> 
<default>
<recentEntries>5</recentEntries> 
<recentComments>5</recentComments>
<recentTrackbacks>5</recentTrackbacks>
<itemsOnGuestbook>10</itemsOnGuestbook>
<tagsInCloud>30</tagsInCloud>
<sortInCloud>3</sortInCloud> 
<expandComment>0</expandComment>
<expandTrackback>0</expandTrackback> 
<lengthOfRecentNotice>25</lengthOfRecentNotice>
<lengthOfRecentEntry>27</lengthOfRecentEntry>
<lengthOfRecentComment>30</lengthOfRecentComment> 
<lengthOfRecentTrackback>30</lengthOfRecentTrackback> 
<lengthOfLink>30</lengthOfLink>
<showListOnCategory>1</showListOnCategory>
<showListOnArchive>1</showListOnArchive> 
<commentMessage>
<none>댓글이 없습니다.</none> 
<single>댓글 &lt;span class="cnt"&gt;한개&lt;/span&gt; 달렸습니다.</single>
</commentMessage>
<trackbackMessage>
<none>받은 트랙백이 없고</none>
<single>트랙백이 &lt;span class="cnt"&gt;한개&lt;/span&gt;이고</single>
</trackbackMessage> 
<tree>
<color>000000</color> 
<bgColor>ffffff</bgColor>
<activeColor>000000</activeColor> 
<activeBgColor>eeeeee</activeBgColor>
<labelLength>27</labelLength> 
<showValue>1</showValue>
</tree>
<contentWidth>820</contentWidth>
</default>
</skin>