<?xml version="1.0" encoding="utf-8"?>
<skin>
	<information>
		<name>반응형 페이퍼 2단</name>
		<version>1.2.0</version>
		<description>
			<![CDATA[ 여백을 조금 살린 2단 스킨입니다. 부드러운 컬러톤으로 무난하고 튀는 부분이 없는 블로그 운영에 추천합니다. ]]>
		</description>
		<license>
			<![CDATA[ MIT License ]]>
		</license>
	</information>
	<author>
		<name>responsive paper 2layer</name>
		<homepage>https://blogpack.tistory.com</homepage>
		<email>extflash@gmail.com</email>
	</author>
	<default>
		<entriesOnPage>8</entriesOnPage>
		<entriesOnList>8</entriesOnList>
		<recentEntries>5</recentEntries>
		<recentComments>4</recentComments>
		<recentTrackbacks>4</recentTrackbacks>
		<itemsOnGuestbook>10</itemsOnGuestbook>
		<tagsInCloud>30</tagsInCloud>
		<sortInCloud>3</sortInCloud>
		<expandComment>1</expandComment>
		<lengthOfRecentNotice>25</lengthOfRecentNotice>
		<lengthOfRecentEntry>27</lengthOfRecentEntry>
		<lengthOfRecentComment>30</lengthOfRecentComment>
		<lengthOfRecentTrackback>30</lengthOfRecentTrackback>
		<lengthOfLink>30</lengthOfLink>
		<showListOnCategory>1</showListOnCategory>
		<showListOnArchive>1</showListOnArchive>
		<commentMessage>
			<none>0</none>
			<single>1</single>
		</commentMessage>
		<trackbackMessage>
			<none>0</none>
			<single>1</single>
		</trackbackMessage>
		<tree>
			<color>000000</color>
			<bgColor>ffffff</bgColor>
			<activeColor>000000</activeColor>
			<activeBgColor>eeeeee</activeBgColor>
			<labelLength>27</labelLength>
			<showValue>1</showValue>
		</tree>
		<contentWidth>800</contentWidth>
		<cover>
		<![CDATA[
		[
			{
				"name": "cover-slider",
				"title": "",
				"dataType": "CUSTOM",
				"data": [
					{
						"title": "슬라이더 예시입니다.",
						"summary": "",
						"url": "",
						"thumbnail": "https://k.kakaocdn.net/dn/cIG0a0/btqtYsPppOh/NkTV8248NW33Y8CRlngVG0/img.jpg "
					},
					{
						"title": "정보를 직접 입력하시거나",
						"summary": "",
						"url": "",
						"thumbnail": "https://k.kakaocdn.net/dn/pjjAg/btqtYKWx0CM/Uo9OdYu4XubKBdnQnyMdPK/img.jpg "
					},
					{
						"title": "기존 게시물을 배치할 수 있습니다.",
						"summary": "",
						"url": "",
						"thumbnail": "https://k.kakaocdn.net/dn/NCQ4J/btqtZOqpcVb/VQDcKih9H4UKgVDsAUML51/img.jpg "
					}
				]
			},
			{
				"name": "cover-thumbnail-list",
				"title": "섬네일 리스트 예시",
				"dataType": "CUSTOM",
				"data": [
					{
						"title": "아이템 수정을 통해",
						"summary": "",
						"url": "",
						"thumbnail": "https://k.kakaocdn.net/dn/B8cuL/btqtUkQXIgb/T9ox34EGy2jtEmREZM3gmK/img.jpg "
					},
					{
						"title": "여러분의 게시물을",
						"summary": "",
						"url": "",
						"thumbnail": "https://k.kakaocdn.net/dn/UzWap/btqtWherBze/FBC0WGOlX1daQpDTsYhVL1/img.jpg "
					},
					{
						"title": "최신순으로",
						"summary": "",
						"url": "",
						"thumbnail": "https://k.kakaocdn.net/dn/bjxBVE/btqtVIJ7SjI/SSKEXkXcDkPKNdmfzoLK21/img.jpg "
					},
					{
						"title": "노출할 수 있습니다.",
						"summary": "",
						"url": "",
						"thumbnail": "https://k.kakaocdn.net/dn/Ir7dX/btqtVevWjEF/s9h0Ys61rXvEWvQbwKD4Bk/img.jpg "
					}
				]
			},
			{
				"name": "cover-masonry",
				"title": "벽돌 리스트 예시",
				"dataType": "CUSTOM",
				"data": [
					{
						"title": "콘텐츠 선택 (1)",
						"summary": "카테고리별 최신글 노출, 특정 글 선택, 직접 입력 등 다양한 방식으로 여러분의 티스토리 첫화면을 꾸밀 수 있습니다.",
						"url": "",
						"thumbnail": "https://k.kakaocdn.net/dn/RiBp3/btqtYt1OGDx/XNAvKSihIBk69vGqNTOWu1/img.jpg "
					},
					{
						"title": "콘텐츠 선택 (2)",
						"summary": "여러분의 콘텐츠로 첫 화면을 멋지게 장식해주세요.",
						"url": "",
						"thumbnail": "https://k.kakaocdn.net/dn/bK9QLR/btqtZOYfNY9/3m01Rg3v6ydchFfRSr8Gvk/img.jpg "
					},
					{
						"title": "아이템 선택 (1)",
						"summary": "커버 아이템의 종류와 순서를 편집해보세요. 하나의 스킨으로 다양한 홈 화면을 만들어낼 수 있습니다.",
						"url": "",
						"thumbnail": "https://k.kakaocdn.net/dn/cmGEjY/btqtY8QctpG/KTHBpnuRlQ81hWZ5wdMZ6K/img.jpg "
					},
					{
						"title": "아이템 선택 (2)",
						"summary": "하나의 커버 아이템을 여러 번 삽입하는 것도 가능합니다.",
						"url": "",
						"thumbnail": "https://k.kakaocdn.net/dn/bDobye/btqtYLA9TDs/KpEfWDYaNTmjbSk0lHmR51/img.jpg "
					},
					{
						"title": "스킨옵션 (1)",
						"summary": "스킨 옵션으로도 첫화면을 다르게 설정할 수 있습니다. ",
						"url": "",
						"thumbnail": "https://k.kakaocdn.net/dn/Pmc7l/btqtYLnDKzu/yW9AnoNF1sD7TtQTGwUHx1/img.jpg "
					},
					{
						"title": "스킨 옵션 (2)",
						"summary": "Poster 스킨에서는 목록 더보기, 컬러 타입, 리스트 타입, 푸터 영역 정보 등 여러 옵션을 제공합니다.",
						"url": "",
						"thumbnail": "https://k.kakaocdn.net/dn/cxUS0N/btqt0aNxaJ1/8X4c28hviU5uqf300kRT4k/img.jpg"
					}
				]
			},
			{
				"name": "cover-list",
				"title": "리스트 예시: 게시물이 존재할 경우 3건을 노출합니다.",
				"dataType": "RECENT",
				"data": {
					"category": "ALL",
					"size": "3"
				}
			},
			{
				"name": "cover-gallery",
				"title": "갤러리 예시: 게시물이 존재할 경우 4건을 노출합니다.",
				"dataType": "RECENT",
				"data": {
					"category": "ALL",
					"size": "4"
				}
			}
		]
		]]>
		</cover>
	</default>
	<cover>
		<item>
			<name>cover-slider</name>
			<label><![CDATA[ 슬라이더 ]]></label>
			<description><![CDATA[ 좌우 스와이프가 가능한 슬라이더입니다. ]]></description>
		</item>
		<item>
			<name>cover-list</name>
			<label><![CDATA[ 리스트 ]]></label>
			<description><![CDATA[ 제목과 본문 내용을 주요하게 보여주는 일반 리스트입니다. ]]></description>
		</item>
		<item>
			<name>cover-thumbnail-list</name>
			<label><![CDATA[ 섬네일 리스트 ]]></label>
			<description><![CDATA[ 섬네일을 주요하게 보여주는 리스트입니다. ]]></description>
		</item>
		<item>
			<name>cover-masonry</name>
			<label><![CDATA[벽돌 리스트]]></label>
			<description><![CDATA[ 섬네일 크기에 따라 자동으로 배치되는 벽돌 리스트입니다. ]]></description>
		</item>
		<item>
			<name>cover-gallery</name>
			<label><![CDATA[ 갤러리 ]]></label>
			<description><![CDATA[ 섬네일만 나열하여 보여줍니다. 마우스오버시 타이틀이 노출됩니다. ]]></description>
		</item>
	</cover>
	<variables>
		<variable>
			<name>layout-width</name>
			<label>
				<![CDATA[ 레이아웃 너비 ]]>
			</label>
			<type>SELECT</type>
			<option><![CDATA[[{"name":"narrow-layout","label":"좁게(1080px)","value":""},{"name":"wide-layout","label":"넓게(1180px)","value":"wide-layout"},{"name":"ultra-wide-layout","label":"아주넓게(1280px)","value":"ultra-wide-layout"}]]]></option>
			<default></default>
			<description>
				<![CDATA[ 레이아웃 너비를 선택합니다. ]]>
			</description>
		</variable>
		<variable>
			<name>paging-type</name>
			<label>
				<![CDATA[ 글목록, 글보기 페이징 타입 ]]>
			</label>
			<type>SELECT</type>
			<default>pagelist</default>
			<option><![CDATA[[{"name":"prevnext","label":"이전/다음","value":"prevnext"},{"name":"pagelist","label":"페이지목록","value":"pagelist"},{"name":"paging-view-more","label":"더보기","value":"paging-view-more"}]]]></option>
			<description>
				<![CDATA[ 글목록 페이지 이동, 글보기 글 이동시 페이지 이동을 위한 하단 페이징 표시 방법을 선택합니다. ]]>
			</description>
		</variable>
		<variable>
			<name>short-date</name>
			<label>
				<![CDATA[ 짧은 날짜 사용(년월일) ]]>
			</label>
			<type>BOOL</type>
			<option />
			<default>true</default>
			<description>
				<![CDATA[ 기본 년월일시분초 대신 짧은 년월일 표시를 사용합니다. ]]>
			</description>
		</variable>
		<variable>
			<name>narrow-header</name>
			<label>
				<![CDATA[ 좁은 헤더 높이 사용 ]]>
			</label>
			<type>BOOL</type>
			<option />
			<default>false</default>
			<description>
				<![CDATA[ 헤더 높이를 90px 줄임 ]]>
			</description>
		</variable>
		<variable>
			<name>content-shadow</name>
			<label>
				<![CDATA[ 본문영역 그림자 효과 ]]>
			</label>
			<type>BOOL</type>
			<option />
			<default>true</default>
			<description>
				<![CDATA[ 본문 영역 박스에 그림자 효과 적용 ]]>
			</description>
		</variable>
		<variable>
			<name>background-image</name>
			<label>
				<![CDATA[ 스킨 배경 이미지 ]]>
			</label>
			<type>SELECT</type>
			<default>bg1</default>
			<option><![CDATA[[{"name":"bgnone","label":"배경이미지없음[배경색사용]","value":""},{"name":"bg1","label":"배경이미지1","value":"bg1"},{"name":"bg2","label":"배경이미지2","value":"bg2"},{"name":"bg3","label":"배경이미지3","value":"bg3"},{"name":"bg4","label":"배경이미지4","value":"bg4"},{"name":"bg5","label":"배경이미지5","value":"bg5"},{"name":"bg6","label":"배경이미지6","value":"bg6"}]]]></option>
			<description>
				<![CDATA[ 스킨 배경 이미지를 선택합니다. images 폴더에 포함된 이미지 참조]]>
			</description>
		</variable>
		<variable>
			<name>background-color</name>
			<label>
				<![CDATA[ 전체 배경색 선택 ]]>
			</label>
			<type>COLOR</type>
			<option />
			<default>#282828</default>
			<description>
				<![CDATA[ 전체 배경색을 선택합니다. ]]>
			</description>
		</variable>
		<variable>
			<name>text-color</name>
			<label>
				<![CDATA[ 전체 글자색 선택 ]]>
			</label>
			<type>COLOR</type>
			<option />
			<default>#686868</default>
			<description>
				<![CDATA[ 전체 배경색을 선택합니다. ]]>
			</description>
		</variable>
		<variable>
			<name>title-color</name>
			<label>
				<![CDATA[ 블로그 타이틀 컬러 선택 ]]>
			</label>
			<type>COLOR</type>
			<option />
			<default>#7fc7af</default>
			<description>
				<![CDATA[ 상단 블로그 제목 색상을 선택합니다. ]]>
			</description>
		</variable>
		<variable>
			<name>entry-content-color-black</name>
			<label>
				<![CDATA[ 검정색 글 본문 색상 적용 ]]>
			</label>
			<type>BOOL</type>
			<option />
			<default>false</default>
			<description>
				<![CDATA[  글보기 본문 텍스트 색상을 검은색으로 적용합니다. ]]>
			</description>
		</variable>	
		<variable>
			<name>sidebar-align</name>
			<label>
				<![CDATA[ 사이드바 위치 ]]>
			</label>
			<type>SELECT</type>
			<option><![CDATA[[{"name":"left","label":"왼쪽","value":"sidebar-left"},{"name":"right","label":"오른쪽","value":"sidebar-right"}]]]></option>
			<default>sidebar-right</default>
			<description>
				<![CDATA[ 사이드바가 위치할 방향을 선택합니다. ]]>
			</description>
		</variable>
		<variable>
			<name>category-position</name>
			<label>
				<![CDATA[ 카테고리 위치 ]]>
			</label>
			<type>SELECT</type>
			<option><![CDATA[[{"name":"categorytop","label":"탑메뉴","value":"categorytop"},{"name":"categoryside","label":"사이드바","value":"categoryside"}]]]></option>
			<default>categorytop</default>
			<description>
				<![CDATA[ 카테고리 위치를 선택합니다. ]]>
			</description>
		</variable>	
		<variable>
			<name>view-btn-top</name>
			<label>
				<![CDATA[ 탑 스크롤 버튼 사용 ]]>
			</label>
			<type>BOOL</type>
			<option />
			<default>true</default>
			<description>
				<![CDATA[ 오른쪽 하단의 스크롤 탑 버튼을 사용합니다. ]]>
			</description>
		</variable>
		<variable>
			<name>view-profile</name>
			<label>
				<![CDATA[ 사이드바 프로필 보기 ]]>
			</label>
			<type>BOOL</type>
			<option />
			<default>true</default>
			<description>
				<![CDATA[ 사이드바에 프로필 정보 표시 여부를 결정합니다. ]]>
			</description>
		</variable>
		<variable>
			<name>view-snsicon</name>
			<label>
				<![CDATA[ 사이드바 SNS 아이콘 보기 ]]>
			</label>
			<type>BOOL</type>
			<option />
			<default>true</default>
			<description>
				<![CDATA[ 사이드바에 SNS 아이콘 표시 여부를 결정합니다. ]]>
			</description>
		</variable>
			<variable>
				<name>sns-instagram</name>
				<label><![CDATA[ Instagram URL ]]></label>
				<type>STRING</type>
				<option />
				<default>Instagram</default>
				<description><![CDATA[ Instagram URL를 입력해주세요. ]]></description>
			</variable>
			<variable>
				<name>sns-youtube</name>
				<label><![CDATA[ Youtube URL ]]></label>
				<type>STRING</type>
				<option />
				<default>Youtube</default>
				<description><![CDATA[ Youtube URL를 입력해주세요. ]]></description>
			</variable>
			<variable>
				<name>sns-twitter</name>
				<label><![CDATA[ Twitter URL ]]></label>
				<type>STRING</type>
				<option />
				<default>Twitter</default>
				<description><![CDATA[ Twitter URL를 입력해주세요. ]]></description>
			</variable>
			<variable>
				<name>sns-facebook</name>
				<label><![CDATA[ Facebook URL ]]></label>
				<type>STRING</type>
				<option />
				<default>Facebook</default>
				<description><![CDATA[ Facebook URL를 입력해주세요. ]]></description>
			</variable>
			<variable>
				<name>sns-pinterest</name>
				<label><![CDATA[ Pinterest URL ]]></label>
				<type>STRING</type>
				<option />
				<default>Pinterest</default>
				<description><![CDATA[ Pinterest URL를 입력해주세요. ]]></description>
			</variable>
			<variable>
				<name>sns-email</name>
				<label><![CDATA[ Email Address ]]></label>
				<type>STRING</type>
				<option />
				<default>email@mydomain.com</default>
				<description><![CDATA[ Email Address 를 입력해주세요. ]]></description>
			</variable>
	</variables>
</skin>
