<?xml version="1.0" encoding="utf-8"?>
<skin>
	<information>
		<name>Poster</name>
		<version>1.2.0</version>
		<description>
			<![CDATA[ 블로그 홈을 처음 접하는 초심자에게 추천합니다.
			단정한 첫인상을 블로그에 입혀 보세요. ]]>
		</description>
		<license>
			<![CDATA[ MIT License ]]>
		</license>
	</information>
	<author>
		<name>TISTORY</name>
		<homepage>https://www.tistory.com</homepage>
		<email>tistoryblog@daum.net</email>
	</author>
	<default>
		<entriesOnPage>9</entriesOnPage>
		<entriesOnList>9</entriesOnList>
		<recentEntries>5</recentEntries>
		<recentComments>4</recentComments>
		<recentTrackbacks>4</recentTrackbacks>
		<itemsOnGuestbook>10</itemsOnGuestbook>
		<tagsInCloud>30</tagsInCloud>
		<sortInCloud>3</sortInCloud>
		<expandComment>1</expandComment>
		<lengthOfRecentNotice>25</lengthOfRecentNotice>
		<lengthOfRecentEntry>27</lengthOfRecentEntry>
		<lengthOfRecentComment>30</lengthOfRecentComment>
		<lengthOfRecentTrackback>30</lengthOfRecentTrackback>
		<lengthOfLink>30</lengthOfLink>
		<showListOnCategory>1</showListOnCategory>
		<showListOnArchive>1</showListOnArchive>
		<commentMessage>
			<none>0</none>
			<single>1</single>
		</commentMessage>
		<trackbackMessage>
			<none>0</none>
			<single>1</single>
		</trackbackMessage>
		<tree>
			<color>000000</color>
			<bgColor>ffffff</bgColor>
			<activeColor>000000</activeColor>
			<activeBgColor>eeeeee</activeBgColor>
			<labelLength>27</labelLength>
			<showValue>1</showValue>
		</tree>
		<contentWidth>860</contentWidth>
		<cover>
		<![CDATA[
		[
			{
				"name": "cover-thumbnail-list",
				"title": "섬네일 리스트",
				"dataType": "CUSTOM",
				"data": [
					{
						"title": "아이템 수정을 통해",
						"summary": "",
						"url": "",
						"thumbnail": "https://t1.daumcdn.net/tistory_admin/assets/promotions/8157627ae59049f38765917fd52a9814"
					},
					{
						"title": "여러분의 게시물을",
						"summary": "",
						"url": "",
						"thumbnail": "https://t1.daumcdn.net/tistory_admin/assets/promotions/2db6c59d18ea4bec82115e426a6136a1"
					},
					{
						"title": "최신순으로",
						"summary": "",
						"url": "",
						"thumbnail": "https://t1.daumcdn.net/tistory_admin/assets/promotions/718f011fac174b7fa7e7da782a86d565"
					},
					{
						"title": "노출할 수 있습니다.",
						"summary": "",
						"url": "",
						"thumbnail": "https://t1.daumcdn.net/tistory_admin/assets/promotions/6f049bf8ca094acc8028ed54a3c64091"
					},
					{
						"title": "커버 썸네일리스트 5",
						"summary": "",
						"url": "",
						"thumbnail": "https://t1.daumcdn.net/tistory_admin/assets/promotions/35ccdd87ff554fcbbe36afb7fbd27d3f"
					},
					{
						"title": "커버 썸네일리스트 6",
						"summary": "",
						"url": "",
						"thumbnail": "https://t1.daumcdn.net/tistory_admin/assets/promotions/f73872beff2b4b70844fa5acf1b34ed3"
					}					
				]
			},
			{
				"name": "cover-list",
				"title": "커버 리스트",
				"dataType": "RECENT",
				"data": {
					"category": "ALL",
					"size": "4"
				}
			},
			{
				"name": "cover-gallery",
				"title": "커버 갤러리",
				"dataType": "RECENT",
				"data": {
					"category": "ALL",
					"size": "4"
				}
			}
		]
		]]>
		</cover>
	</default>
	<cover>
		<item>
			<name>cover-slider</name>
			<label><![CDATA[ 슬라이더 ]]></label>
			<description><![CDATA[ 좌우 스와이프가 가능한 슬라이더입니다. ]]></description>
		</item>
		<item>
			<name>cover-list</name>
			<label><![CDATA[ 리스트 ]]></label>
			<description><![CDATA[ 제목과 본문 내용을 주요하게 보여주는 일반 리스트입니다. ]]></description>
		</item>
		<item>
			<name>cover-thumbnail-list</name>
			<label><![CDATA[ 섬네일 리스트 ]]></label>
			<description><![CDATA[ 섬네일을 주요하게 보여주는 리스트입니다. ]]></description>
		</item>
		<item>
			<name>cover-masonry</name>
			<label><![CDATA[벽돌 리스트]]></label>
			<description><![CDATA[ 섬네일 크기에 따라 자동으로 배치되는 벽돌 리스트입니다. ]]></description>
		</item>
		<item>
			<name>cover-gallery</name>
			<label><![CDATA[ 갤러리 ]]></label>
			<description><![CDATA[ 섬네일만 나열하여 보여줍니다. 마우스오버시 타이틀이 노출됩니다. ]]></description>
		</item>
	</cover>
	<variables>
		<variable>
			<name>short-date</name>
			<label>
				<![CDATA[ 짧은 날짜 사용(년월일) ]]>
			</label>
			<type>BOOL</type>
			<option />
			<default>true</default>
			<description>
				<![CDATA[ 기본 년월일시분초 대신 짧은 년월일 표시를 사용합니다. ]]>
			</description>
		</variable>
		<variable>
			<name>view-more</name>			<label>
				<![CDATA[ 목록 더보기 ]]>
			</label>
			<type>BOOL</type>
			<option />
			<default>true</default>
			<description>
				<![CDATA[ 페이징 대신 목록 더보기를 사용합니다. ]]>
			</description>
		</variable>
		<variable>
			<name>view-hotlink</name>
			<label>
				<![CDATA[ 핫링크 표시 ]]>
			</label>
			<type>BOOL</type>
			<option />
			<default>true</default>
			<description>
				<![CDATA[ 핫링크를 표시합니다. ]]>
			</description>
		</variable>
		<variable>
			<name>view-adsense</name>
			<label>
				<![CDATA[ 구글 애드센스 표시 ]]>
			</label>
			<type>BOOL</type>
			<option />
			<default>false</default>
			<description>
				<![CDATA[ 구글 애드센스를 표시합니다. ]]>
			</description>
		</variable>
		<variable>
			<name>view-adfit</name>
			<label>
				<![CDATA[ 다음 애드핏 표시 ]]>
			</label>
			<type>BOOL</type>
			<option />
			<default>false</default>
			<description>
				<![CDATA[ 다음 애드핏을 표시합니다. ]]>
			</description>
		</variable>
		<variable>
			<name>color-type</name>
			<label><![CDATA[ 컬러 타입 ]]></label>
			<description><![CDATA[ 포인트 색상을 선택해주세요. ]]></description>
			<type>SELECT</type>
			<option><![CDATA[[{"name":"color-gray","label":"기본(Gray)","value":"color-gray"}, {"name":"chocolate","label":"초콜릿(chocolate)","value":"color-chocolate"}]]]></option>
			<default>color-gray</default>
		</variable>
		<variable>
			<name>post-type</name>
			<label><![CDATA[ 리스트 타입 ]]></label>
			<description><![CDATA[ 섬네일형 또는 리스트 타입을 선택합니다. ]]></description>
			<type>SELECT</type>
			<option><![CDATA[[{"name":"post-type-thumbnail","label":"섬네일형","value":"post-type-thumbnail"}, {"name":"post-type-text","label":"리스트형","value":"post-type-text"}]]]></option>
			<default>post-type-text</default>
		</variable>
		<variable>
			<name>footer-text</name>
			<label><![CDATA[ 푸터 텍스트 ]]></label>
			<type>STRING</type>
			<option />
			<default></default>
			<description><![CDATA[ 푸터 텍스트를 입력해주세요. ]]></description>
		</variable>
		<variable>
			<name>footer-image</name>
			<label><![CDATA[ 푸터 이미지 ]]></label>
			<type>IMAGE</type>
			<option />
			<default></default>
			<description><![CDATA[ 푸터 이미지를 변경합니다. ]]></description>
		</variable>
		<variable>
			<name>sns-pinterest</name>
			<label><![CDATA[ Pinterest URL ]]></label>
			<type>STRING</type>
			<option />
			<default></default>
			<description><![CDATA[ Pinterest URL를 입력해주세요. ]]></description>
		</variable>
		<variable>
			<name>sns-facebook</name>
			<label><![CDATA[ Facebook URL ]]></label>
			<type>STRING</type>
			<option />
			<default></default>
			<description><![CDATA[ Facebook URL를 입력해주세요. ]]></description>
		</variable>
		<variable>
			<name>sns-twitter</name>
			<label><![CDATA[ Twitter URL ]]></label>
			<type>STRING</type>
			<option />
			<default></default>
			<description><![CDATA[ Twitter URL를 입력해주세요. ]]></description>
		</variable>
		<variable>
			<name>sns-instagram</name>
			<label><![CDATA[ Instagram URL ]]></label>
			<type>STRING</type>
			<option />
			<default></default>
			<description><![CDATA[ Instagram URL를 입력해주세요. ]]></description>
		</variable>
	</variables>
</skin>
