<?xml version="1.0" encoding="utf-8"?>
<skin>
<information>
<name>반응형 1단 오션 스킨</name> 
<version>1.2.0</version>
<description>
<![CDATA[ 웹표준을 준수한 서핑을 테마로한 1단 반응형 티스토리 스킨입니다.
font awesome 을 사용해서 별도 아이콘 이미지 없이 skin.html, style.css, script.js 파일 3개만으로 스킨이 구성됩니다.
./images/header_default.jpg 이미지는 디자인에 필요한 필수 이미지입니다. 스킨 설정시 업로드를 해야 합니다.
자유롭게 디자인 수정해 사용할 수 있습니다.
]]>
</description>
<license>
<![CDATA[자유롭게 수정이 가능하며, 저작권 표시하에 재배포 가능합니다.]]>
</license>
</information> 
<author>
<name>어포스트</name>
<homepage>http://blogpack.tistory.com</homepage>
<email>extflash@gmail.com</email>
</author> 
<default>
<recentEntries>5</recentEntries> 
<recentComments>5</recentComments>
<recentTrackbacks>5</recentTrackbacks>
<itemsOnGuestbook>10</itemsOnGuestbook>
<tagsInCloud>30</tagsInCloud>
<sortInCloud>3</sortInCloud> 
<expandComment>0</expandComment>
<expandTrackback>0</expandTrackback> 
<lengthOfRecentNotice>25</lengthOfRecentNotice>
<lengthOfRecentEntry>27</lengthOfRecentEntry>
<lengthOfRecentComment>30</lengthOfRecentComment> 
<lengthOfRecentTrackback>30</lengthOfRecentTrackback> 
<lengthOfLink>30</lengthOfLink>
<showListOnCategory>1</showListOnCategory>
<showListOnArchive>1</showListOnArchive> 
<commentMessage>
<none>댓글이 없습니다.</none> 
<single>댓글 &lt;span class="cnt"&gt;한개&lt;/span&gt; 달렸습니다.</single>
</commentMessage>
<trackbackMessage>
<none>받은 트랙백이 없고</none>
<single>트랙백이 &lt;span class="cnt"&gt;한개&lt;/span&gt;이고</single>
</trackbackMessage> 
<tree>
<color>000000</color> 
<bgColor>ffffff</bgColor>
<activeColor>000000</activeColor> 
<activeBgColor>eeeeee</activeBgColor>
<labelLength>27</labelLength> 
<showValue>1</showValue>
</tree>
<contentWidth>820</contentWidth>
</default>
</skin>