<?xml version="1.0" encoding="utf-8"?>
<skin>
<information>
<name>반응형 1단 기본스킨 - 티스토리 기본 스킨 커스텀 버전</name> 
<version>1.2.0</version>
<description>
<![CDATA[ 웹표준을 준수한 반응형 티스토리 스킨입니다.
font awesome 을 사용해서 티스토리 기본 스킨에서 사용하는 비트맵 이미지들이 필요 없습니다.
skin.html, style.css, script.js 파일 3개만으로 스킨이 구성됩니다.
자유롭게 디자인 수정하실 수 있습니다.
콘텐츠 가로 사이즈는 820px에 맞춰져 있습니다.
]]>
</description>
<license>
<![CDATA[자유롭게 수정이 가능하며, 저작권 표시하에 재배포 가능합니다.]]>
</license>
</information> 
<author>
<name>어포스트</name>
<homepage>http://blogpack.tistory.com</homepage>
<email>extflash@gmail.com</email>
</author> 
<default>
<recentEntries>5</recentEntries> 
<recentComments>5</recentComments>
<recentTrackbacks>5</recentTrackbacks>
<itemsOnGuestbook>10</itemsOnGuestbook>
<tagsInCloud>30</tagsInCloud>
<sortInCloud>3</sortInCloud> 
<expandComment>0</expandComment>
<expandTrackback>0</expandTrackback> 
<lengthOfRecentNotice>25</lengthOfRecentNotice>
<lengthOfRecentEntry>27</lengthOfRecentEntry>
<lengthOfRecentComment>30</lengthOfRecentComment> 
<lengthOfRecentTrackback>30</lengthOfRecentTrackback> 
<lengthOfLink>30</lengthOfLink>
<showListOnCategory>1</showListOnCategory>
<showListOnArchive>1</showListOnArchive> 
<commentMessage>
<none>댓글이 없습니다.</none> 
<single>댓글 &lt;span class="cnt"&gt;한개&lt;/span&gt; 달렸습니다.</single>
</commentMessage>
<trackbackMessage>
<none>받은 트랙백이 없고</none>
<single>트랙백이 &lt;span class="cnt"&gt;한개&lt;/span&gt;이고</single>
</trackbackMessage> 
<tree>
<color>000000</color> 
<bgColor>ffffff</bgColor>
<activeColor>000000</activeColor> 
<activeBgColor>eeeeee</activeBgColor>
<labelLength>27</labelLength> 
<showValue>1</showValue>
</tree>
<contentWidth>820</contentWidth>
</default>
</skin>