<?xml version="1.0" encoding="utf-8"?>
<skin>
	<information>
		<name>반응형 2단 개인블로그</name>
		<version>1.0</version>
		<description>
			<![CDATA[ 우측에 사이드바가 위치하는 2단 개인블로그 스킨입니다.
			퍼플, 핑크, 스카이 3가지 컬러 테마를 제공합니다. ]]>
		</description>
		<license>
			<![CDATA[ MIT License ]]>
		</license>
	</information>
	<author>
		<name>responsive personal blog 2layer</name>
		<homepage>https://blogpack.tistory.com</homepage>
		<email>extflash@gmail.com</email>
	</author>
	<default>
		<entriesOnPage>9</entriesOnPage>
		<entriesOnList>9</entriesOnList>
		<recentEntries>4</recentEntries>
		<recentComments>4</recentComments>
		<recentTrackbacks>4</recentTrackbacks>
		<itemsOnGuestbook>10</itemsOnGuestbook>
		<tagsInCloud>30</tagsInCloud>
		<sortInCloud>3</sortInCloud>
		<expandComment>1</expandComment>
		<lengthOfRecentNotice>25</lengthOfRecentNotice>
		<lengthOfRecentEntry>27</lengthOfRecentEntry>
		<lengthOfRecentComment>30</lengthOfRecentComment>
		<lengthOfRecentTrackback>30</lengthOfRecentTrackback>
		<lengthOfLink>30</lengthOfLink>
		<showListOnCategory>1</showListOnCategory>
		<showListOnArchive>1</showListOnArchive>
		<commentMessage>
			<none>0</none>
			<single>1</single>
		</commentMessage>
		<trackbackMessage>
			<none>0</none>
			<single>1</single>
		</trackbackMessage>
		<tree>
			<color>000000</color>
			<bgColor>ffffff</bgColor>
			<activeColor>000000</activeColor>
			<activeBgColor>eeeeee</activeBgColor>
			<labelLength>27</labelLength>
			<showValue>1</showValue>
		</tree>
		<contentWidth>900</contentWidth>
	</default>
	<variables>
		<variable>
			<name>short-date</name>
			<label>
				<![CDATA[ 짧은 날짜 사용(년월일) ]]>
			</label>
			<type>BOOL</type>
			<option />
			<default>true</default>
			<description>
				<![CDATA[ 기본 년월일시분초 대신 짧은 년월일 표시를 사용합니다. ]]>
			</description>
		</variable>
		<variable>
			<name>view-more</name>			<label>
				<![CDATA[ 목록 더보기 ]]>
			</label>
			<type>BOOL</type>
			<option />
			<default>true</default>
			<description>
				<![CDATA[ 페이징 대신 목록 더보기를 사용합니다. ]]>
			</description>
		</variable>
		<variable>
			<name>img-filter</name>
			<label><![CDATA[ 이미지 필터 효과 ]]></label>
			<description><![CDATA[ 썸네일 이미지에 필터 효과를 적용할지를 선택 해주세요. ]]></description>
			<type>SELECT</type>
			<option><![CDATA[[{"name":"default","label":"필터효과없음","value":"filter-default"},{"name":"mono","label":"흑백(Mono)","value":"filter-mono"},{"name":"sepia","label":"세피아(Sepia)","value":"filter-sepia"},{"name":"blur","label":"블러(Blur)","value":"filter-blur"}]]]></option>
			<default>filter-default</default>
		</variable>
		<variable>
			<name>footer-text</name>
			<label><![CDATA[ 푸터 텍스트 ]]></label>
			<type>STRING</type>
			<option />
			<default></default>
			<description><![CDATA[ 푸터 텍스트를 입력해주세요. ]]></description>
		</variable>
		<variable>
			<name>footer-image</name>
			<label><![CDATA[ 푸터 이미지 ]]></label>
			<type>IMAGE</type>
			<option />
			<default></default>
			<description><![CDATA[ 푸터 이미지를 변경합니다. ]]></description>
		</variable>
		<variable>
			<name>sns-pinterest</name>
			<label><![CDATA[ Pinterest URL ]]></label>
			<type>STRING</type>
			<option />
			<default></default>
			<description><![CDATA[ Pinterest URL를 입력해주세요. ]]></description>
		</variable>
		<variable>
			<name>sns-facebook</name>
			<label><![CDATA[ Facebook URL ]]></label>
			<type>STRING</type>
			<option />
			<default></default>
			<description><![CDATA[ Facebook URL를 입력해주세요. ]]></description>
		</variable>
		<variable>
			<name>sns-twitter</name>
			<label><![CDATA[ Twitter URL ]]></label>
			<type>STRING</type>
			<option />
			<default></default>
			<description><![CDATA[ Twitter URL를 입력해주세요. ]]></description>
		</variable>
		<variable>
			<name>sns-instagram</name>
			<label><![CDATA[ Instagram URL ]]></label>
			<type>STRING</type>
			<option />
			<default></default>
			<description><![CDATA[ Instagram URL를 입력해주세요. ]]></description>
		</variable>
	</variables>
</skin>
