<?xml version="1.0" encoding="utf-8"?>
<skin>
	<information>
		<name>MinimalA</name>
		<version>1.0</version>
		<description>
			<![CDATA[ 너비를 600px 크기로 제작한 미니멀 스킨입니다. 
			간결하고 여백이 넘치는 블로그를 원하는 분에게 추천합니다. ]]>
		</description>
		<license>
			<![CDATA[ MIT License ]]>
		</license>
	</information>
	<author>
		<name>aPost</name>
		<homepage>https://blogpack.tistory.com</homepage>
		<email>extflash@gmail.com</email>
	</author>
	<default>
		<entriesOnPage>9</entriesOnPage>
		<entriesOnList>9</entriesOnList>
		<recentEntries>5</recentEntries>
		<recentComments>4</recentComments>
		<recentTrackbacks>4</recentTrackbacks>
		<itemsOnGuestbook>10</itemsOnGuestbook>
		<tagsInCloud>30</tagsInCloud>
		<sortInCloud>3</sortInCloud>
		<expandComment>1</expandComment>
		<lengthOfRecentNotice>25</lengthOfRecentNotice>
		<lengthOfRecentEntry>27</lengthOfRecentEntry>
		<lengthOfRecentComment>30</lengthOfRecentComment>
		<lengthOfRecentTrackback>30</lengthOfRecentTrackback>
		<lengthOfLink>30</lengthOfLink>
		<showListOnCategory>1</showListOnCategory>
		<showListOnArchive>1</showListOnArchive>
		<commentMessage>
			<none>0</none>
			<single>1</single>
		</commentMessage>
		<trackbackMessage>
			<none>0</none>
			<single>1</single>
		</trackbackMessage>
		<tree>
			<color>000000</color>
			<bgColor>ffffff</bgColor>
			<activeColor>000000</activeColor>
			<activeBgColor>eeeeee</activeBgColor>
			<labelLength>27</labelLength>
			<showValue>1</showValue>
		</tree>
		<contentWidth>600</contentWidth>
		<cover>
		<![CDATA[
		[
			{
				"name": "cover-slider",
				"title": "",
				"dataType": "CUSTOM",
				"data": [
					{
						"title": "슬라이더 예시입니다.",
						"summary": "",
						"url": "",
						"thumbnail": "https://t1.daumcdn.net/tistory_admin/assets/promotions/c17755694dbb4c2faf8707919e966490"
					},
					{
						"title": "정보를 직접 입력하시거나",
						"summary": "",
						"url": "",
						"thumbnail": "https://t1.daumcdn.net/tistory_admin/assets/promotions/399a6e27c5644e14962b8678ee4f0b07"
					},
					{
						"title": "기존 게시물을 배치할 수 있습니다.",
						"summary": "",
						"url": "",
						"thumbnail": "https://t1.daumcdn.net/tistory_admin/assets/promotions/a90369ea210f4c7fb495b72080516f04"
					}
				]
			},
			{
				"name": "cover-thumbnail-list",
				"title": "섬네일 리스트 예시",
				"dataType": "CUSTOM",
				"data": [
					{
						"title": "아이템 수정을 통해",
						"summary": "",
						"url": "",
						"thumbnail": "https://t1.daumcdn.net/tistory_admin/assets/promotions/8157627ae59049f38765917fd52a9814"
					},
					{
						"title": "여러분의 게시물을",
						"summary": "",
						"url": "",
						"thumbnail": "https://t1.daumcdn.net/tistory_admin/assets/promotions/2db6c59d18ea4bec82115e426a6136a1"
					},
					{
						"title": "최신순으로",
						"summary": "",
						"url": "",
						"thumbnail": "https://t1.daumcdn.net/tistory_admin/assets/promotions/718f011fac174b7fa7e7da782a86d565"
					},
					{
						"title": "노출할 수 있습니다.",
						"summary": "",
						"url": "",
						"thumbnail": "https://t1.daumcdn.net/tistory_admin/assets/promotions/6f049bf8ca094acc8028ed54a3c64091"
					}
				]
			},
			{
				"name": "cover-masonry",
				"title": "벽돌 리스트 예시",
				"dataType": "CUSTOM",
				"data": [
					{
						"title": "콘텐츠 선택 (1)",
						"summary": "카테고리별 최신글 노출, 특정 글 선택, 직접 입력 등 다양한 방식으로 여러분의 티스토리 첫화면을 꾸밀 수 있습니다.",
						"url": "",
						"thumbnail": "https://t1.daumcdn.net/tistory_admin/assets/promotions/35ccdd87ff554fcbbe36afb7fbd27d3f"
					},
					{
						"title": "콘텐츠 선택 (2)",
						"summary": "여러분의 콘텐츠로 첫 화면을 멋지게 장식해주세요.",
						"url": "",
						"thumbnail": "https://t1.daumcdn.net/tistory_admin/assets/promotions/f73872beff2b4b70844fa5acf1b34ed3"
					},
					{
						"title": "아이템 선택 (1)",
						"summary": "커버 아이템의 종류와 순서를 편집해보세요. 하나의 스킨으로 다양한 홈 화면을 만들어낼 수 있습니다.",
						"url": "",
						"thumbnail": "https://t1.daumcdn.net/tistory_admin/assets/promotions/b255b80899b8480ca25f35a6037a3986"
					},
					{
						"title": "아이템 선택 (2)",
						"summary": "하나의 커버 아이템을 여러 번 삽입하는 것도 가능합니다.",
						"url": "",
						"thumbnail": "https://t1.daumcdn.net/tistory_admin/assets/promotions/e7016b3788ee431fb207273d66f2b81d"
					},
					{
						"title": "스킨옵션 (1)",
						"summary": "스킨 옵션으로도 첫화면을 다르게 설정할 수 있습니다. ",
						"url": "",
						"thumbnail": "https://t1.daumcdn.net/tistory_admin/assets/promotions/68de250314ca436b97c2f4fd53a9b241"
					},
					{
						"title": "스킨 옵션 (2)",
						"summary": "Poster 스킨에서는 목록 더보기, 컬러 타입, 리스트 타입, 푸터 영역 정보 등 여러 옵션을 제공합니다.",
						"url": "",
						"thumbnail": "https://t1.daumcdn.net/tistory_admin/assets/promotions/636ac9bcb0ac4ee989b5789b2d74f74f"
					}
				]
			},
			{
				"name": "cover-list",
				"title": "리스트 예시: 게시물이 존재할 경우 3건을 노출합니다.",
				"dataType": "RECENT",
				"data": {
					"category": "ALL",
					"size": "3"
				}
			},
			{
				"name": "cover-gallery",
				"title": "갤러리 예시: 게시물이 존재할 경우 4건을 노출합니다.",
				"dataType": "RECENT",
				"data": {
					"category": "ALL",
					"size": "4"
				}
			}
		]
		]]>
		</cover>
	</default>
	<cover>
		<item>
			<name>cover-slider</name>
			<label><![CDATA[ 슬라이더 ]]></label>
			<description><![CDATA[ 좌우 스와이프가 가능한 슬라이더입니다. ]]></description>
		</item>
		<item>
			<name>cover-list</name>
			<label><![CDATA[ 리스트 ]]></label>
			<description><![CDATA[ 제목과 본문 내용을 주요하게 보여주는 일반 리스트입니다. ]]></description>
		</item>
		<item>
			<name>cover-thumbnail-list</name>
			<label><![CDATA[ 섬네일 리스트 ]]></label>
			<description><![CDATA[ 섬네일을 주요하게 보여주는 리스트입니다. ]]></description>
		</item>
		<item>
			<name>cover-masonry</name>
			<label><![CDATA[벽돌 리스트]]></label>
			<description><![CDATA[ 섬네일 크기에 따라 자동으로 배치되는 벽돌 리스트입니다. ]]></description>
		</item>
		<item>
			<name>cover-gallery</name>
			<label><![CDATA[ 갤러리 ]]></label>
			<description><![CDATA[ 섬네일만 나열하여 보여줍니다. 마우스오버시 타이틀이 노출됩니다. ]]></description>
		</item>
	</cover>
	<variables>
		<variable>
			<name>short-date</name>
			<label>
				<![CDATA[ 짧은 날짜 사용(년월일) ]]>
			</label>
			<type>BOOL</type>
			<option />
			<default>true</default>
			<description>
				<![CDATA[ 기본 년월일시분초 대신 짧은 년월일 표시를 사용합니다. ]]>
			</description>
		</variable>
		<variable>
			<name>view-more</name>			<label>
				<![CDATA[ 목록 더보기 ]]>
			</label>
			<type>BOOL</type>
			<option />
			<default>true</default>
			<description>
				<![CDATA[ 페이징 대신 목록 더보기를 사용합니다. ]]>
			</description>
		</variable>
		<variable>
			<name>color-type</name>
			<label><![CDATA[ 컬러 타입 ]]></label>
			<description><![CDATA[ 컬러 테마를 선택해주세요. ]]></description>
			<type>SELECT</type>
			<option><![CDATA[[{"name":"blue","label":"기본블루(Blue)","value":"color-blue"}, {"name":"red","label":"레드(Red)","value":"color-red"}, {"name":"green","label":"그린(Green)","value":"color-green"}]]]></option>
			<default>color-blue</default>
		</variable>
		<variable>
			<name>footer-text</name>
			<label><![CDATA[ 푸터 텍스트 ]]></label>
			<type>STRING</type>
			<option />
			<default></default>
			<description><![CDATA[ 푸터 텍스트를 입력해주세요. ]]></description>
		</variable>
		<variable>
			<name>footer-image</name>
			<label><![CDATA[ 푸터 이미지 ]]></label>
			<type>IMAGE</type>
			<option />
			<default></default>
			<description><![CDATA[ 푸터 이미지를 변경합니다. ]]></description>
		</variable>
		<variable>
			<name>sns-pinterest</name>
			<label><![CDATA[ Pinterest URL ]]></label>
			<type>STRING</type>
			<option />
			<default></default>
			<description><![CDATA[ Pinterest URL를 입력해주세요. ]]></description>
		</variable>
		<variable>
			<name>sns-facebook</name>
			<label><![CDATA[ Facebook URL ]]></label>
			<type>STRING</type>
			<option />
			<default></default>
			<description><![CDATA[ Facebook URL를 입력해주세요. ]]></description>
		</variable>
		<variable>
			<name>sns-twitter</name>
			<label><![CDATA[ Twitter URL ]]></label>
			<type>STRING</type>
			<option />
			<default></default>
			<description><![CDATA[ Twitter URL를 입력해주세요. ]]></description>
		</variable>
		<variable>
			<name>sns-instagram</name>
			<label><![CDATA[ Instagram URL ]]></label>
			<type>STRING</type>
			<option />
			<default></default>
			<description><![CDATA[ Instagram URL를 입력해주세요. ]]></description>
		</variable>
	</variables>
</skin>
