<?xml version="1.0" encoding="utf-8"?>
<skin>
	<information>
		<name>반응형 포토폴리오B</name>
		<version>1.0</version>
		<description>
			<![CDATA[ 풀화면 포토슬라이더 형태의 메인페이지를 제공하는 포트폴리오 스킨입니다.
			사진 중심의 작품 해설집, 여행 블로그, 홍보용 블로그에 적합합니다.
			사이드바 메뉴, 메인 커버슬라이드 등의 블로그 기능을 모두 지원합니다.]]>
		</description>
		<license>
			<![CDATA[ MIT License ]]>
		</license>
	</information>
	<author>
		<name>responsive photopolio B</name>
		<homepage>https://blogpack.tistory.com</homepage>
		<email>extflash@gmail.com</email>
	</author>
	<default>
		<entriesOnPage>8</entriesOnPage>
		<entriesOnList>8</entriesOnList>
		<recentEntries>3</recentEntries>
		<recentComments>3</recentComments>
		<recentTrackbacks>3</recentTrackbacks>
		<itemsOnGuestbook>10</itemsOnGuestbook>
		<tagsInCloud>30</tagsInCloud>
		<sortInCloud>3</sortInCloud>
		<expandComment>1</expandComment>
		<lengthOfRecentNotice>25</lengthOfRecentNotice>
		<lengthOfRecentEntry>27</lengthOfRecentEntry>
		<lengthOfRecentComment>30</lengthOfRecentComment>
		<lengthOfRecentTrackback>30</lengthOfRecentTrackback>
		<lengthOfLink>30</lengthOfLink>
		<showListOnCategory>1</showListOnCategory>
		<showListOnArchive>1</showListOnArchive>
		<commentMessage>
			<none>0</none>
			<single>1</single>
		</commentMessage>
		<trackbackMessage>
			<none>0</none>
			<single>1</single>
		</trackbackMessage>
		<tree>
			<color>000000</color>
			<bgColor>ffffff</bgColor>
			<activeColor>000000</activeColor>
			<activeBgColor>eeeeee</activeBgColor>
			<labelLength>27</labelLength>
			<showValue>1</showValue>
		</tree>
		<contentWidth>960</contentWidth>
		<cover>
		<![CDATA[
		[
			{
				"name": "cover-slider",
				"title": "",
				"dataType": "CUSTOM",
				"data": [
					{
						"title": "포토폴리오B 메인커버 슬라이더",
						"summary": "",
						"url": "https://blogpack.tistory.com/category/%ED%8B%B0%EC%8A%A4%ED%86%A0%EB%A6%AC%EC%8A%A4%ED%82%A8",
						"thumbnail": "https://t1.daumcdn.net/cfile/tistory/99C63E505C7177DD1C"
					},
					{
						"title": "스킨 옵션에서 메인커버를 켜거나 끌 수 있습니다.",
						"summary": "",
						"url": "https://blogpack.tistory.com/category/%ED%8B%B0%EC%8A%A4%ED%86%A0%EB%A6%AC%EC%8A%A4%ED%82%A8",
						"thumbnail": "https://t1.daumcdn.net/cfile/tistory/99504F3B5C7177DD18"
					},
					{
						"title": "메인 커버 미사용시 최근 글목록이 슬라이드로 표시됩니다.",
						"summary": "",
						"url": "https://blogpack.tistory.com/category/%ED%8B%B0%EC%8A%A4%ED%86%A0%EB%A6%AC%EC%8A%A4%ED%82%A8",
						"thumbnail": "https://t1.daumcdn.net/cfile/tistory/99A395375C7177DD0F"
					},
					{
						"title": "메인 커버 설정에서 메인커버에 표시할 글을 선택할 수 있습니다.",
						"summary": "",
						"url": "https://blogpack.tistory.com/category/%ED%8B%B0%EC%8A%A4%ED%86%A0%EB%A6%AC%EC%8A%A4%ED%82%A8",
						"thumbnail": "https://t1.daumcdn.net/cfile/tistory/99B35A4F5C7177DD3E"
					}
				]
			}
		]
		]]>
		</cover>		
	</default>
	<cover>
		<item>
			<name>cover-slider</name>
			<label><![CDATA[ 메인 커버 슬라이더 ]]></label>
			<description><![CDATA[ 좌우 스와이프가 가능한 슬라이더입니다. ]]></description>
		</item>
	</cover>	
	<variables>
		<variable>
			<name>short-date</name>
			<label>
				<![CDATA[ 짧은 날짜 사용(년월일) ]]>
			</label>
			<type>BOOL</type>
			<option />
			<default>true</default>
			<description>
				<![CDATA[ 기본 년월일시분초 대신 짧은 년월일 표시를 사용합니다. ]]>
			</description>
		</variable>	
		<variable>
			<name>interval</name>
			<label><![CDATA[ 슬라이드 자동 넘김 간격(초) - 0 ~ 60초, 0이면 멈춤 ]]></label>
			<type>STRING</type>
			<option />
			<default>5</default>
			<description><![CDATA[ 슬라이드를 자동으로 로테이션하는 간격을 입력해주세요(숫자만 입력). ]]></description>
		</variable>
		<variable>
			<name>sns-pinterest</name>
			<label><![CDATA[ Pinterest URL ]]></label>
			<type>STRING</type>
			<option />
			<default></default>
			<description><![CDATA[ Pinterest URL를 입력해주세요. ]]></description>
		</variable>
		<variable>
			<name>sns-facebook</name>
			<label><![CDATA[ Facebook URL ]]></label>
			<type>STRING</type>
			<option />
			<default></default>
			<description><![CDATA[ Facebook URL를 입력해주세요. ]]></description>
		</variable>
		<variable>
			<name>sns-twitter</name>
			<label><![CDATA[ Twitter URL ]]></label>
			<type>STRING</type>
			<option />
			<default></default>
			<description><![CDATA[ Twitter URL를 입력해주세요. ]]></description>
		</variable>
		<variable>
			<name>sns-instagram</name>
			<label><![CDATA[ Instagram URL ]]></label>
			<type>STRING</type>
			<option />
			<default></default>
			<description><![CDATA[ Instagram URL를 입력해주세요. ]]></description>
		</variable>
	</variables>
</skin>
