<?xml version="1.0" encoding="utf-8"?>
<skin>
	<information>
		<name>카운트다운 랜딩페이지</name>
		<version>1.2.0</version>
		<description>
			<![CDATA[ 카운트다운 랜딩페이지를 구현한 스킨입니다. 랜딩페이지 전용이며, 블로그 컨텐츠에는 접근이 막혀있습니다. ]]>
		</description>
		<license>
			<![CDATA[ MIT License ]]>
		</license>
	</information>
	<author>
		<name>countdown landing page</name>
		<homepage>https://blogpack.tistory.com</homepage>
		<email>extflash@gmail.com</email>
	</author>
	<default>
		<entriesOnPage>8</entriesOnPage>
		<entriesOnList>8</entriesOnList>
		<recentEntries>5</recentEntries>
		<recentComments>4</recentComments>
		<recentTrackbacks>4</recentTrackbacks>
		<itemsOnGuestbook>10</itemsOnGuestbook>
		<tagsInCloud>30</tagsInCloud>
		<sortInCloud>3</sortInCloud>
		<expandComment>1</expandComment>
		<lengthOfRecentNotice>25</lengthOfRecentNotice>
		<lengthOfRecentEntry>27</lengthOfRecentEntry>
		<lengthOfRecentComment>30</lengthOfRecentComment>
		<lengthOfRecentTrackback>30</lengthOfRecentTrackback>
		<lengthOfLink>30</lengthOfLink>
		<showListOnCategory>1</showListOnCategory>
		<showListOnArchive>1</showListOnArchive>
		<commentMessage>
			<none>0</none>
			<single>1</single>
		</commentMessage>
		<trackbackMessage>
			<none>0</none>
			<single>1</single>
		</trackbackMessage>
		<tree>
			<color>000000</color>
			<bgColor>ffffff</bgColor>
			<activeColor>000000</activeColor>
			<activeBgColor>eeeeee</activeBgColor>
			<labelLength>27</labelLength>
			<showValue>1</showValue>
		</tree>
		<contentWidth>840</contentWidth>
		<cover>
		<![CDATA[
		[
			{
				"name": "cover-slider",
				"title": "",
				"dataType": "CUSTOM",
				"data": [
					{
						"title": "COMING SOON!",
						"summary": "곧 오픈합니다. 정말. 곧. 가지마 제발...",
						"url": "",
						"thumbnail": "https://t1.daumcdn.net/cfile/tistory/99400E4A5CB0E27607"
					},
					{
						"title": "오시는길",
						"summary": "",
						"url": "",
						"thumbnail": "https://t1.daumcdn.net/cfile/tistory/99B074425CB0D6E704"
					},
					{
						"title": "연락처",
						"summary": "010-1234-5678<br/>emailaddress@email.com",
						"url": "",
						"thumbnail": "https://t1.daumcdn.net/cfile/tistory/9946FC3C5CB0D6E704"
					}
				]
			}
		]
		]]>
		</cover>
	</default>
	<cover>
		<item>
			<name>cover-slider</name>
			<label><![CDATA[ 슬라이더 ]]></label>
			<description><![CDATA[ 좌우 스와이프가 가능한 슬라이더입니다. ]]></description>
		</item>
	</cover>
	<variables>
		<variable>
			<name>background-image</name>
			<label>
				<![CDATA[ 전체 기본 배경 이미지 표시 ]]>
			</label>
			<type>BOOL</type>
			<default>true</default>
			<option />
			<description>
				<![CDATA[ 로딩전 표시되는 기본 이미지 표시 여부 결정. 안보이게 할 경우 검정 배경으로 표시됨. ]]>
			</description>
		</variable>
		<variable>
			<name>color-text</name>
			<label>
				<![CDATA[ 텍스트 컬러 ]]>
			</label>
			<type>SELECT</type>
			<option><![CDATA[[{"name":"white","label":"흰색","value":"color-text-white"},{"name":"black","label":"검정색","value":"color-text-black"}]]]></option>
			<default>white</default>
			<description>
				<![CDATA[ 텍스트 컬러를 선택합니다. ]]>
			</description>
		</variable>
		<variable>
			<name>countdown-page</name>
			<label>
				<![CDATA[ 카운트다운 위치 ]]>
			</label>
			<type>SELECT</type>
			<option><![CDATA[[{"name":"0","label":"미노출","value":"0"},{"name":"1","label":"1페이지","value":"1"},{"name":"2","label":"2페이지","value":"2"},{"name":"3","label":"3페이지","value":"3"}]]]></option>
			<default>1</default>
			<description>
				<![CDATA[ 카운트다운이 위치할 페이지를 선택합니다. ]]>
			</description>
		</variable>
		<variable>
			<name>countdown-language</name>
			<label>
				<![CDATA[ 카운트다운 언어 ]]>
			</label>
			<type>SELECT</type>
			<option><![CDATA[[{"name":"korean","label":"한글","value":"korean"},{"name":"english","label":"영어","value":"english"}]]]></option>
			<default>korean</default>
			<description>
				<![CDATA[ 카운트 다운 일, 시간, 분, 초 표시 언어를 선택합니다. ]]>
			</description>
		</variable>
		<variable>
			<name>ymd</name>
			<label>
				<![CDATA[ 년월일 형식: yyyy-mm-dd ]]>
			</label>
			<type>STRING</type>
			<option />
			<default>2019-12-12</default>
			<description>
				<![CDATA[ 카운트 다운 년월일 2019-12-12 ]]>
			</description>
		</variable>
		<variable>
			<name>hms</name>
			<label>
				<![CDATA[ 시분초 형식: 24:60:60 ]]>
			</label>
			<type>STRING</type>
			<option />
			<default>00:00:00</default>
			<description>
				<![CDATA[ 카운트 다운 시분초 24:60:60 ]]>
			</description>
		</variable>
		<variable>
			<name>search-address</name>
			<label>
				<![CDATA[ 지도 검색용 주소 ]]>
			</label>
			<type>STRING</type>
			<option />
			<default>경기도 성남시 분당구 판교역로 241번길 20 미래에셋 벤처타워</default>
			<description>
				<![CDATA[ 카카오맵에서 검색된 주소를 입력합니다. ]]>
			</description>
		</variable>
		<variable>
			<name>display-address</name>
			<label>
				<![CDATA[ 화면 표시용 주소 ]]>
			</label>
			<type>STRING</type>
			<option />
			<default>경기도 성남시 분당구 판교역로 241번길 20 미래에셋 벤처타워 1층 (우)13494<br/>1577-3754(카카오 서비스)<br/>1577-3321(다음 서비스)</default>
			<description>
				<![CDATA[ 검색용 주소와 다른 주소를 표시해야할 경우 화면 표시용 주소를 별도로 입력합니다. ]]>
			</description>
		</variable>
	</variables>
</skin>
