<?xml version="1.0" encoding="utf-8"?>
<skin>
	<information>
		<name>반응형 레트로 더블라인</name>
		<version>1.2.0</version>
		<description>
			<![CDATA[ 
			30여개의 스킨 옵션을 통해 다양한 스킨 레이아웃을 만들 수 있는 반응형 스킨입니다.
			레트로 느낌의 차분한 블로그에 추천하는 스킨입니다.
			]]>
		</description>
		<license>
			<![CDATA[ MIT License ]]>
		</license>
	</information>
	<author>
		<name>responsive retro doubleline</name>
		<homepage>https://blogpack.tistory.com</homepage>
		<email>extflash@gmail.com</email>
	</author>
	<default>
		<entriesOnPage>8</entriesOnPage>
		<entriesOnList>8</entriesOnList>
		<recentEntries>5</recentEntries>
		<recentComments>4</recentComments>
		<recentTrackbacks>4</recentTrackbacks>
		<itemsOnGuestbook>10</itemsOnGuestbook>
		<tagsInCloud>30</tagsInCloud>
		<sortInCloud>3</sortInCloud>
		<expandComment>1</expandComment>
		<lengthOfRecentNotice>25</lengthOfRecentNotice>
		<lengthOfRecentEntry>40</lengthOfRecentEntry>
		<lengthOfRecentComment>30</lengthOfRecentComment>
		<lengthOfRecentTrackback>30</lengthOfRecentTrackback>
		<lengthOfLink>30</lengthOfLink>
		<showListOnCategory>1</showListOnCategory>
		<showListOnArchive>1</showListOnArchive>
		<commentMessage>
			<none>0</none>
			<single>1</single>
		</commentMessage>
		<trackbackMessage>
			<none>0</none>
			<single>1</single>
		</trackbackMessage>
		<tree>
			<color>000000</color>
			<bgColor>ffffff</bgColor>
			<activeColor>000000</activeColor>
			<activeBgColor>eeeeee</activeBgColor>
			<labelLength>27</labelLength>
			<showValue>1</showValue>
		</tree>
		<contentWidth>840</contentWidth>
		<cover>
		<![CDATA[
		[
			{
				"name": "cover-slider",
				"title": "",
				"dataType": "CUSTOM",
				"data": [
					{
						"title": "일상을 기록하는 블로그",
						"summary": "",
						"url": "",
						"thumbnail": "https://img1.daumcdn.net/thumb/R1280x0/?scode=mtistory2&fname=https%3A%2F%2Fk.kakaocdn.net%2Fdn%2FbIEMou%2FbtqwwYZe7dI%2FczSdTCijK8fBE5xiJsHCBk%2Fimg.jpg"
					},
					{
						"title": "소소한 즐거움을 주는 여행",
						"summary": "",
						"url": "/",
						"thumbnail": "https://img1.daumcdn.net/thumb/R1280x0/?scode=mtistory2&fname=https%3A%2F%2Fk.kakaocdn.net%2Fdn%2FxrYmx%2FbtqwxkVh6qn%2FrAZDXKbByjhZbrqzWKibzK%2Fimg.jpg"
					},
					{
						"title": "직접 구매해서 써보는 리뷰어",
						"summary": "",
						"url": "",
						"thumbnail": "https://img1.daumcdn.net/thumb/R1280x0/?scode=mtistory2&fname=https%3A%2F%2Fk.kakaocdn.net%2Fdn%2FO2xDD%2FbtqwvMyagVf%2FSRyUM3z8NrgJEphnZOJAek%2Fimg.jpg"
					}
				]
			},
			{
				"name": "cover-thumbnail-list",
				"title": "일본 여행기",
				"dataType": "CUSTOM",
				"data": [
					{
						"title": "오사카 정원 여행",
						"summary": "비온후의 고즈넉하고 조용한 황금 정원",
						"url": "/",
						"thumbnail": "https://img1.daumcdn.net/thumb/R1280x0/?scode=mtistory&fname=https%3A%2F%2Fk.kakaocdn.net%2Fdn%2Fdn0wqA%2FbtqvVD814E2%2FwzUZ5K061J6U2JKGXk3Fc0%2Fimg.jpg"
					},
					{
						"title": "벚꽃 축제의 야경",
						"summary": "벚꽃 축제 절정인 날의 야경",
						"url": "/",
						"thumbnail": "https://img1.daumcdn.net/thumb/R1280x0/?scode=mtistory&fname=https%3A%2F%2Fk.kakaocdn.net%2Fdn%2FcAmZlQ%2FbtqvWpI03Am%2FKEcE2VbJPvPDtlkKbZutoK%2Fimg.jpg"
					}
				]
			},
			{
				"name": "cover-thumbnail-list",
				"title": "여행준비는 이렇게",
				"dataType": "CUSTOM",
				"data": [
					{
						"title": "여행일정짜기",
						"summary": "",
						"url": "",
						"thumbnail": "https://img1.daumcdn.net/thumb/R1280x0/?scode=mtistory&fname=https%3A%2F%2Fk.kakaocdn.net%2Fdn%2Fc1ATZc%2FbtqvflNwyW4%2Fq4SNHan7PulARpwvT5V8i1%2Fimg.jpg"
					},
					{
						"title": "여행가박 패킹",
						"summary": "",
						"url": "",
						"thumbnail": "https://img1.daumcdn.net/thumb/R1280x0/?scode=mtistory&fname=https%3A%2F%2Fk.kakaocdn.net%2Fdn%2Fdq4dnk%2FbtqveHjbrmq%2FfpmKdrTe9BkZe1sQh9iWG1%2Fimg.jpg"
					},
					{
						"title": "비행일정과 문비물",
						"summary": "",
						"url": "",
						"thumbnail": "https://img1.daumcdn.net/thumb/R1280x0/?scode=mtistory&fname=https%3A%2F%2Fk.kakaocdn.net%2Fdn%2FdLo1qV%2Fbtqvb5L8aiL%2FQonSVQuaj1hlBIcSqkKgHK%2Fimg.jpg"
					}
				]
			},
			{
				"name": "cover-thumbnail-list",
				"title": "유럽여행",
				"dataType": "CUSTOM",
				"data": [
					{
						"title": "지중해의 보석 산토리니섬",
						"summary": "",
						"url": "",
						"thumbnail": "https://img1.daumcdn.net/thumb/R1280x0/?scode=mtistory&fname=https%3A%2F%2Fk.kakaocdn.net%2Fdn%2FnKWKF%2Fbtqvf2GWXuV%2FqhVw7k7KDBzycHITYMvjSk%2Fimg.jpg"
					},
					{
						"title": "하절기 유럽 여행 추천",
						"summary": "",
						"url": "",
						"thumbnail": "https://img1.daumcdn.net/thumb/R1280x0/?scode=mtistory&fname=https%3A%2F%2Fk.kakaocdn.net%2Fdn%2F1FbND%2Fbtqvb6Egkx5%2FO88wWH4ll87Y6F0obI6gak%2Fimg.jpg"
					},
					{
						"title": "자동차로 유럽 여행하기",
						"summary": "",
						"url": "",
						"thumbnail": "https://img1.daumcdn.net/thumb/R1280x0/?scode=mtistory&fname=https%3A%2F%2Fk.kakaocdn.net%2Fdn%2Fchc2qf%2FbtqvehrwfQ7%2F6OHs6XtQsKsi5FIpjkMF9k%2Fimg.jpg"
					},
					{
						"title": "완소 추천 여행지",
						"summary": "",
						"url": "",
						"thumbnail": "https://img1.daumcdn.net/thumb/R1280x0/?scode=mtistory&fname=https%3A%2F%2Fk.kakaocdn.net%2Fdn%2Fc0y2QW%2FbtqvbOcMpEC%2F95PB4zXGiP2kZKnPti8JO0%2Fimg.jpg"
					}
				]
			},
			{
				"name": "cover-banner",
				"title": "여행 용품몰 오픈 10% 추가 적립금 지급",
				"dataType": "CUSTOM",
				"data": [
					{
						"title": "오포리뷰 용품몰 오픈 기념으로 이번달 한정으로 적립금 10%를 추가 적립해드립니다.",
						"summary": "상품별 추가 적립금이 있는 상품들은 추가 적립이 가능합니다.<br/>이월 상품, 또는 할인적용 상품은 적립금 대상에서 제외되니 양해 바랍니다.",
						"url": "",
						"thumbnail": "https://img1.daumcdn.net/thumb/R1280x0/?scode=mtistory&fname=https%3A%2F%2Fk.kakaocdn.net%2Fdn%2FcPBiTf%2FbtqvbPW3JLH%2FKbSUQZrWSAO6uxeFA9wfZk%2Fimg.jpg"
					}
				]
			},
			{
				"name": "cover-gallery",
				"title": "링크 없는 갤러리 : 2,3,4,6,8 개를 표시할 수 있습니다.",
				"dataType": "CUSTOM",
				"data": [
					{
						"title": "하이퍼링크 없이",
						"summary": "",
						"url": "",
						"thumbnail": "https://img1.daumcdn.net/thumb/R1280x0/?scode=mtistory&fname=https%3A%2F%2Fk.kakaocdn.net%2Fdn%2FvbrEF%2FbtqvbOKzXeH%2FpxEd90PbqO5GeCSCobFrf1%2Fimg.jpg"
					},
					{
						"title": "이미지와 텍스트를 표시하는 갤러리입니다.",
						"summary": "",
						"url": "",
						"thumbnail": "https://img1.daumcdn.net/thumb/R1280x0/?scode=mtistory&fname=https%3A%2F%2Fk.kakaocdn.net%2Fdn%2Fbv3nQQ%2FbtqvbI4YXgo%2FR1lsUjnl1jjTB5h0pzLqC0%2Fimg.jpg"
					},
					{
						"title": "마우스 호버를 하면",
						"summary": "",
						"url": "",
						"thumbnail": "https://img1.daumcdn.net/thumb/R1280x0/?scode=mtistory&fname=https%3A%2F%2Fk.kakaocdn.net%2Fdn%2FbB9BUX%2FbtqvdkWkFUb%2Fb6SroLHUWUhDVU5Ogh2GWk%2Fimg.jpg"
					},
					{
						"title": "텍스트 내용이 표시됩니다.",
						"summary": "",
						"url": "",
						"thumbnail": "https://img1.daumcdn.net/thumb/R1280x0/?scode=mtistory&fname=https%3A%2F%2Fk.kakaocdn.net%2Fdn%2FmLKsN%2Fbtqve5jQrtI%2FY2Zr8fqOKK9LmmucBxoWRK%2Fimg.jpg"
					}
				]
			},
			{
				"name": "cover-gallery",
				"title": "여행 갤러리",
				"dataType": "CUSTOM",
				"data": [
					{
						"title": "카라반 여행 샷1",
						"summary": "",
						"url": "",
						"thumbnail": "https://img1.daumcdn.net/thumb/R1280x0/?scode=mtistory&fname=https%3A%2F%2Fk.kakaocdn.net%2Fdn%2FmLKsN%2Fbtqve5jQrtI%2FY2Zr8fqOKK9LmmucBxoWRK%2Fimg.jpg"
					},
					{
						"title": "카라반 여행 샷2",
						"summary": "",
						"url": "",
						"thumbnail": "https://img1.daumcdn.net/thumb/R1280x0/?scode=mtistory&fname=https%3A%2F%2Fk.kakaocdn.net%2Fdn%2FoVfo8%2Fbtqveh57qsG%2Fj8S5551wdWcI0ExJrx5p2k%2Fimg.jpg"
					},
					{
						"title": "알프스 몽블라에서 #13",
						"summary": "",
						"url": "",
						"thumbnail": "https://img1.daumcdn.net/thumb/R1280x0/?scode=mtistory&fname=https%3A%2F%2Fk.kakaocdn.net%2Fdn%2FbLgTwg%2FbtqvceWljMm%2FktzGlyOI0QCkzi4F17DXM1%2Fimg.jpg"
					}
				]
			},
			{
				"name": "cover-gallery",
				"title": "미국여행",
				"dataType": "CUSTOM",
				"data": [
					{
						"title": "금문교에서의 인증샷",
						"summary": "",
						"url": "",
						"thumbnail": "https://img1.daumcdn.net/thumb/R1280x0/?scode=mtistory&fname=https%3A%2F%2Fk.kakaocdn.net%2Fdn%2Fbk6ZdO%2FbtqvehSAJ7i%2F7Ti6ZR3EBSPoRrkkvIAL01%2Fimg.jpg"
					},
					{
						"title": "미국 중서부 오지 여행",
						"summary": "",
						"url": "",
						"thumbnail": "https://img1.daumcdn.net/thumb/R1280x0/?scode=mtistory&fname=https%3A%2F%2Fk.kakaocdn.net%2Fdn%2FbjWgMK%2Fbtqvfl03blQ%2FWMpJWSuqqwZnkBbrOFfkYK%2Fimg.jpg"
					}
				]
			},
			{
				"name": "cover-banner",
				"title": "트레블캠프 스티커 발송 안내",
				"dataType": "CUSTOM",
				"data": [
					{
						"title": "트래블캠프 스티커를 배포해드리고 있습니다.",
						"summary": "신청하실 분은 아래 이메일 주소로 주소, 이름, 연락처를 적어서 신청을 해주시면 일주일 단위로 발송해드립니다.",
						"url": "",
						"thumbnail": "https://img1.daumcdn.net/thumb/R1280x0/?scode=mtistory&fname=https%3A%2F%2Fk.kakaocdn.net%2Fdn%2FbO1xR2%2FbtqvfkA4UuS%2FKxtAiybaJ8AyxouJbJjd7k%2Fimg.jpg"
					}
				]
			},
			{
				"name": "cover-banner",
				"title": "연락처",
				"dataType": "CUSTOM",
				"data": [
					{
						"title": "02-1234-5678",
						"summary": "이메일: emailid@domain.com<br/>팩스: 02-2345-6789",
						"url": "",
						"thumbnail": "https://img1.daumcdn.net/thumb/R1280x0/?scode=mtistory&fname=https%3A%2F%2Fk.kakaocdn.net%2Fdn%2Fc1ATZc%2FbtqvflNwyW4%2Fq4SNHan7PulARpwvT5V8i1%2Fimg.jpg"
					}
				]
			}
		]
		]]>
		</cover>
	</default>
	<cover>
		<item>
			<name>cover-slider</name>
			<label><![CDATA[ 슬라이더 ]]></label>
			<description><![CDATA[ 좌우 스와이프가 가능한 상단 영역을 차지하는 슬라이더입니다. ]]></description>
		</item>
		<item>
			<name>cover-list</name>
			<label><![CDATA[ 리스트 ]]></label>
			<description><![CDATA[ 제목과 본문 내용을 주요하게 보여주는 일반 리스트입니다. ]]></description>
		</item>
		<item>
			<name>cover-masonry</name>
			<label><![CDATA[벽돌 리스트]]></label>
			<description><![CDATA[ 섬네일 크기에 따라 자동으로 배치되는 벽돌 리스트입니다. ]]></description>
		</item>
		<item>
			<name>cover-banner</name>
			<label><![CDATA[ 가로 풀배너 ]]></label>
			<description><![CDATA[ 1개의 아이템을 큰 가로 풀배너 형태로 보여주는 배너입니다. 이미지 없을 경우 기본 배경색이 표시됩니다.]]></description>
		</item>
		<item>
			<name>cover-thumbnail-list</name>
			<label><![CDATA[ 이미지 썸네일 리스트 ]]></label>
			<description><![CDATA[ 하이퍼링크가 있는 썸네일 리스트를 보여줍니다. ]]></description>
		</item>
		<item>
			<name>cover-gallery</name>
			<label><![CDATA[ 이미지 썸네일 리스트[링크x] ]]></label>
			<description><![CDATA[ 하이퍼링크 없이 섬네일만 나열하여 보여줍니다. 마우스오버시 타이틀이 노출됩니다. ]]></description>
		</item>
	</cover>
	<variables>
		<variablegroup name="레이아웃">
			<variable>
				<name>layout-width</name>
				<label>
					<![CDATA[ 레이아웃 너비 ]]>
				</label>
				<type>SELECT</type>
				<option><![CDATA[[{"name":"narrow-layout","label":"좁게(1080px)","value":""},{"name":"wide-layout","label":"넓게(1180px)","value":"wide-layout"},{"name":"ultra-wide-layout","label":"아주넓게(1280px)","value":"ultra-wide-layout"}]]]></option>
				<default></default>
				<description>
					<![CDATA[ 레이아웃 너비를 선택합니다. ]]>
				</description>
			</variable>
			<variable>
				<name>sidebar-position</name>
				<label>
					<![CDATA[ 사이드바 표시/위치 ]]>
				</label>
				<type>SELECT</type>
				<option><![CDATA[[{"name":"sidebar-left","label":"왼쪽(2단스킨)","value":"sidebar-left"},{"name":"sidebar-right","label":"오른쪽(2단스킨)","value":"sidebar-right"}]]]></option>
				<default>sidebar-right</default>
				<description>
					<![CDATA[ 사이드바가 위치할 방향을 선택합니다. ]]>
				</description>
			</variable>
			<variable>
				<name>category-position</name>
				<label>
					<![CDATA[ 카테고리 위치 ]]>
				</label>
				<type>SELECT</type>
				<option><![CDATA[[{"name":"category-top","label":"헤더상단","value":"category-top"},{"name":"category-bottom","label":"헤더하단","value":"category-bottom"},{"name":"category-side","label":"사이드바","value":"category-side"}]]]></option>
				<default>category-top</default>
				<description>
					<![CDATA[ 카테고리 위치를 선택합니다. ]]>
				</description>
			</variable>
			<variable>
				<name>cover-slider-position</name>
				<label>
					<![CDATA[ 커버 배너 위치 ]]>
				</label>
				<type>SELECT</type>
				<option><![CDATA[[{"name":"cover-slider-header","label":"헤더영역","value":"cover-slider-header"},{"name":"cover-slider-content","label":"컨텐츠영역","value":"cover-slider-content"}]]]></option>
				<default>cover-slider-header</default>
				<description>
					<![CDATA[ 커버 배너 위치를 선택합니다. ]]>
				</description>
			</variable>
		</variablegroup>
		<variablegroup name="공통/페이지">
			<variable>
				<name>font-family</name>
				<label>
					<![CDATA[ 기본 글꼴 ]]>
				</label>
				<type>SELECT</type>
				<option><![CDATA[[{"name":"noto-sans-kr","label":"노토산스KR(돋움/고딕)","value":"Noto Sans KR"},{"name":"noto-serif-kr","label":"노토셰리프KR(바탕/명조)","value":"Noto Serif KR"},{"name":"nanum-gothic","label":"나눔고딕(네이버)","value":"Nanum Gothic"},{"name":"nanum-myeongjo","label":"나눔명조(네이버)","value":"Nanum Myeongjo"}]]]></option>
				<default>Noto Serif KR</default>
				<description>
					<![CDATA[ 스킨에 공통으로 적용되는 글꼴을 선택합니다. ]]>
				</description>
			</variable>
			<variable>
				<name>body-bg</name>
				<label>
					<![CDATA[ 스킨 배경 이미지 사용 - body-bg.jpg ]]>
				</label>
				<type>BOOL</type>
				<default>false</default>
				<option />
				<description>
					<![CDATA[ 스킨 배경 이미지를 표시 여부를 선택합니다. images 폴더에 body-bg.jpg 이미지 파일을 업로드해야 합니다. ]]>
				</description>
			</variable>
			<variable>
				<name>background-color</name>
				<label>
					<![CDATA[ 스킨 배경색 선택 ]]>
				</label>
				<type>COLOR</type>
				<option />
				<default>#efefef</default>
				<description>
					<![CDATA[ 스킨 배경색을 선택합니다. ]]>
				</description>
			</variable>
			<variable>
				<name>highlight-color</name>
				<label>
					<![CDATA[ 하이라이트/테마 컬러 ]]>
				</label>
				<type>COLOR</type>
				<option />
				<default>#C49A6C</default>
				<description>
					<![CDATA[ 기본 테마 포커스 컬러 및 마우스 오버 컬러를 선택합니다. ]]>
				</description>
			</variable>
			<variable>
				<name>short-date</name>
				<label>
					<![CDATA[ 짧은 날짜 사용(년월일) ]]>
				</label>
				<type>BOOL</type>
				<option />
				<default>true</default>
				<description>
					<![CDATA[ 기본 년월일시분초 대신 짧은 년월일 표시를 사용합니다. ]]>
				</description>
			</variable>
			<variable>
				<name>view-btn-top</name>
				<label>
					<![CDATA[ 탑 스크롤 버튼 사용 ]]>
				</label>
				<type>BOOL</type>
				<option />
				<default>true</default>
				<description>
					<![CDATA[ 오른쪽 하단의 스크롤 탑 버튼을 사용합니다. ]]>
				</description>
			</variable>
			<variable>
				<name>border-circle</name>
				<label>
					<![CDATA[ 모서리 둥글게 ]]>
				</label>
				<type>BOOL</type>
				<option />
				<default>true</default>
				<description>
					<![CDATA[ 페이지 링크와 탑스크롤 버튼 디자인을 원형으로 표시합니다. ]]>
				</description>
			</variable>
		</variablegroup>
		<variablegroup name="헤더">
			<variable>
				<name>narrow-header</name>
				<label>
					<![CDATA[ 좁은 헤더 높이 사용 ]]>
				</label>
				<type>BOOL</type>
				<option />
				<default>false</default>
				<description>
					<![CDATA[ 헤더 높이를 200px 줄임. 모바일은 미적용 ]]>
				</description>
			</variable>
			<variable>
				<name>header-bg</name>
				<label>
					<![CDATA[ 헤더 배경 이미지 사용 - header-bg.jpg ]]>
				</label>
				<type>BOOL</type>
				<default>false</default>
				<option />
				<description>
					<![CDATA[ 헤더 배경 이미지를 표시 여부를 선택합니다. images 폴더에 header-bg.jpg 이미지 파일을 업로드해야 합니다. ]]>
				</description>
			</variable>
			<variable>
				<name>title-color</name>
				<label>
					<![CDATA[ 블로그 타이틀 색상 선택 ]]>
				</label>
				<type>COLOR</type>
				<option />
				<default>#232D3C</default>
				<description>
					<![CDATA[ 상단 블로그 제목 색상을 선택합니다. ]]>
				</description>
			</variable>
			<variable>
				<name>logo-image</name>
				<label>
					<![CDATA[ 타이틀 대체 이미지 ]]>
				</label>
				<type>IMAGE</type>
				<option />
				<default></default>
				<description>
					<![CDATA[ 블로그 타이틀을 대체해 이미지를 표시합니다. ]]>
				</description>
			</variable>
			<variable>
				<name>open-search</name>
				<label>
					<![CDATA[ 검색 입력 펼침 ]]>
				</label>
				<type>BOOL</type>
				<default>false</default>
				<option />
				<description>
					<![CDATA[ 검색 입력폼을 펼침 상태로 유지합니다. ]]>
				</description>
			</variable>
		</variablegroup>
		<variablegroup name="사이드바">
			<variable>
				<name>recent-posttype</name>
				<label>
					<![CDATA[ 사이드바 최근글, 인기글 썸네일 표시 ]]>
				</label>
				<type>BOOL</type>
				<option/>
				<default>true</default>
				<description>
					<![CDATA[ 사이드바 최근글, 인기글에 썸네일 표시 여부를 선택합니다.  ]]>
				</description>
			</variable>
			<variable>
				<name>view-profile</name>
				<label>
					<![CDATA[ 프로필 표시 ]]>
				</label>
				<type>BOOL</type>
				<option />
				<default>true</default>
				<description>
					<![CDATA[ 프로필 정보 표시 여부를 선택합니다. ]]>
				</description>
			</variable>
			<variable>
				<name>profile-img-size</name>
				<label>
					<![CDATA[ 프로필 이미지 크기 ]]>
				</label>
				<type>SELECT</type>
				<option><![CDATA[[{"name":"small","label":"작게(원형)","value":""},{"name":"middle","label":"중간크기(둥근사각)","value":"-middle"},{"name":"big","label":"크게(사각)","value":"-big"}]]]></option>
				<default></default>
				<description>
					<![CDATA[ 프로필 이미지 크기를 선택합니다. ]]>
				</description>
			</variable>
			<variable>
				<name>view-snsicon</name>
				<label>
					<![CDATA[ SNS 아이콘 보기 ]]>
				</label>
				<type>BOOL</type>
				<option />
				<default>true</default>
				<description>
					<![CDATA[ SNS 아이콘 표시 여부를 선택합니다. ]]>
				</description>
			</variable>
			<variable>
				<name>newwindow-snslink</name>
				<label>
					<![CDATA[ 새창(탭)에 SNS 링크 열기 ]]>
				</label>
				<type>BOOL</type>
				<option />
				<default>true</default>
				<description>
					<![CDATA[ 새창(탭)에 SNS 링크 페이지를 엽니다. ]]>
				</description>
			</variable>
			<variable>
				<name>sns-instagram</name>
				<label><![CDATA[ Instagram URL ]]></label>
				<type>STRING</type>
				<option />
				<default>Instagram</default>
				<description><![CDATA[ Instagram URL를 입력해주세요. ]]></description>
			</variable>
			<variable>
				<name>sns-youtube</name>
				<label><![CDATA[ Youtube URL ]]></label>
				<type>STRING</type>
				<option />
				<default>Youtube</default>
				<description><![CDATA[ Youtube URL를 입력해주세요. ]]></description>
			</variable>
			<variable>
				<name>sns-twitter</name>
				<label><![CDATA[ Twitter URL ]]></label>
				<type>STRING</type>
				<option />
				<default>Twitter</default>
				<description><![CDATA[ Twitter URL를 입력해주세요. ]]></description>
			</variable>
			<variable>
				<name>sns-facebook</name>
				<label><![CDATA[ Facebook URL ]]></label>
				<type>STRING</type>
				<option />
				<default>Facebook</default>
				<description><![CDATA[ Facebook URL를 입력해주세요. ]]></description>
			</variable>
			<variable>
				<name>sns-pinterest</name>
				<label><![CDATA[ Pinterest URL ]]></label>
				<type>STRING</type>
				<option />
				<default>Pinterest</default>
				<description><![CDATA[ Pinterest URL를 입력해주세요. ]]></description>
			</variable>
			<variable>
				<name>sns-email</name>
				<label><![CDATA[ Email Address ]]></label>
				<type>STRING</type>
				<option />
				<default>email@mydomain.com</default>
				<description><![CDATA[ Email Address 를 입력해주세요. ]]></description>
			</variable>
		</variablegroup>
		<variablegroup name="커버">
			<variable>
				<name>cover-slider-type</name>
				<label><![CDATA[ 커버 슬라이더 타입 선택 ]]></label>
				<type>SELECT</type>
				<option><![CDATA[[{"name":"slide-left","label":"왼쪽으로 슬라이드","value":"0"},{"name":"slide-right","label":"오른쪽으로 슬라이드","value":"1"},{"name":"fade-left","label":"왼쪽으로 페이드인아웃","value":"2"},{"name":"fade-right","label":"오른쪽으로 페이드인아웃","value":"3"}]]]></option>
				<default>0</default>
				<description>
					<![CDATA[ 커버 슬라이더 애니메이션 타입을 선택합니다. ]]>
				</description>
			</variable>
			<variable>
				<name>cover-slider-interval</name>
				<label><![CDATA[ 커버 슬라이드 교체 시간(초) ]]></label>
				<type>STRING</type>
				<option />
				<default>5.0</default>
				<description>
					<![CDATA[ 커버 슬라이드들이 교체되는 시간 간격을 입력합니다.(초단위, 소숫점 가능) ]]>
				</description>
			</variable>
			<variable>
				<name>cover-slider-darken</name>
				<label><![CDATA[ 커버 슬라이더 이미지 어둡게(글자가 잘보이게 함) ]]></label>
				<type>BOOL</type>
				<option />
				<default>false</default>
				<description>
					<![CDATA[ 커버 슬라이드 이미지를 30% 어둡게 합니다. ]]>
				</description>
			</variable>
			<variable>
				<name>cover-thumbnail-list-viewmore</name>
				<label><![CDATA[ 썸네일 리스트 더보기 버튼으로 썸네일 링크 ]]></label>
				<type>BOOL</type>
				<option />
				<default>true</default>
				<description>
					<![CDATA[ 썸네일 리스트 하이퍼링크를 별도 더보기 버튼으로 표시해 링크할지, 썸네일 이미지 및 제목으로 링크할지를 선택합니다. ]]>
				</description>
			</variable>
			<variable>
				<name>cover-thumbnail-list-viewexcerpt</name>
				<label><![CDATA[ 썸네일 리스트 내용 미리보기 표시 ]]></label>
				<type>BOOL</type>
				<option />
				<default>true</default>
				<description>
					<![CDATA[ 썸네일 리스트 글 내용 미리보기를 표시합니다. ]]>
				</description>
			</variable>
		</variablegroup>
		<variablegroup name="글목록">
			<variable>
				<name>list-type</name>
				<label>
					<![CDATA[ 글목록타입 ]]>
				</label>
				<type>SELECT</type>
				<option><![CDATA[[{"name":"list-type-list","label":"목록형","value":"list-type-list"},{"name":"list-type-thumbnail","label":"썸네일형","value":"list-type-thumbnail"}]]]></option>
				<default>list-type-list</default>
				<description>
					<![CDATA[ 글목록 타입을 목록형과 썸네일형중 선택할 수 있습니다. ]]>
				</description>
			</variable>
			<variable>
				<name>paging-type</name>
				<label>
					<![CDATA[ 페이징 타입 ]]>
				</label>
				<type>SELECT</type>
				<default>pagelist</default>
				<option><![CDATA[[{"name":"paging-view-more","label":"더보기","value":"paging-view-more"},{"name":"prevnext","label":"이전/다음","value":"prevnext"},{"name":"pagelist","label":"페이지목록","value":"pagelist"}]]]></option>
				<description>
					<![CDATA[ 글목록 페이지 이동, 글보기 글 이동시 페이지 이동을 위한 하단 페이징 표시 방법을 선택합니다. ]]>
				</description>
			</variable>
			<variable>
				<name>view-thumbnail-excerpt</name>
				<label><![CDATA[ 글 미리보기 내용 출력 ]]></label>
				<type>BOOL</type>
				<option />
				<default>true</default>
				<description>
					<![CDATA[ 글 내용 미리보기를 출력합니다. 끄면 썸네일과 제목만 표시 ]]>
				</description>
			</variable>
			<variable>
				<name>view-thumbnail-date</name>
				<label><![CDATA[ 글 목록 날짜 출력 ]]></label>
				<type>BOOL</type>
				<option />
				<default>true</default>
				<description>
					<![CDATA[ 글 목록에 날짜를 표시합니다.  ]]>
				</description>
			</variable>
			<variable>
				<name>place-thumbnail-holder</name>
				<label><![CDATA[ 썸네일 이미지 빈 영역 자리 차지 ]]></label>
				<type>BOOL</type>
				<option />
				<default>true</default>
				<description>
					<![CDATA[ 썸네일 이미지가 없을 경우 빈 이미지 아이콘 표시와 함께 영역을 차지합니다.  ]]>
				</description>
			</variable>
			<variable>
				<name>list-text-center</name>
				<label>
					<![CDATA[ 썸네일목록 텍스트 가운데 정렬 ]]>
				</label>
				<type>BOOL</type>
				<option />
				<default>false</default>
				<description>
					<![CDATA[ 썸네일 글 목록 보기시 제목, 날짜, 글내용 미리보기의 텍스트 정렬을 가운데로 합니다. ]]>
				</description>
			</variable>
		</variablegroup>
		<variablegroup name="글내용">
			<variable>
				<name>entry-content-color-black</name>
				<label>
					<![CDATA[ 글보기 검정색 글자 색상 강제 적용 ]]>
				</label>
				<type>BOOL</type>
				<option />
				<default>false</default>
				<description>
					<![CDATA[  글보기 본문 텍스트 색상을 검은색으로 강제 적용합니다. ]]>
				</description>
			</variable>
		</variablegroup>
		<variablegroup name="푸터">
			<variable>
				<name>footer-image</name>
				<label>
					<![CDATA[ 푸터 이미지 표시 ]]>
				</label>
				<type>IMAGE</type>
				<option />
				<default></default>
				<description>
					<![CDATA[ 푸터에 이미지를 표시합니다. ]]>
				</description>
			</variable>
			<variable>
				<name>footer-text</name>
				<label>
					<![CDATA[ 푸터 텍스트 표시 ]]>
				</label>
				<type>STRING</type>
				<option />
				<default></default>
				<description>
					<![CDATA[ 푸터 텍스트를 표시합니다. ]]>
				</description>
			</variable>
			<variable>
				<name>show-blog-menu</name>
				<label>
					<![CDATA[ 블로그 메뉴 표시 ]]>
				</label>
				<type>BOOL</type>
				<option />
				<default>true</default>
				<description>
					<![CDATA[ 푸터 블로그 메뉴를 표시합니다. ]]>
				</description>
			</variable>
		</variablegroup>
		<variablegroup name="모바일 화면">
			<variable>
				<name>mobile-no-header</name>
				<label>
					<![CDATA[ 헤더 영역 미사용 ]]>
				</label>
				<type>BOOL</type>
				<option />
				<default>false</default>
				<description>
					<![CDATA[  모바일 화면에서 헤더 영역 및 배경 이미지를 사용하지 않습니다. ]]>
				</description>
			</variable>
			<variable>
				<name>mobile-small-cover-slider</name>
				<label>
					<![CDATA[ 커버 슬라이드 높이 축소(400px->290px) ]]>
				</label>
				<type>BOOL</type>
				<option />
				<default>false</default>
				<description>
					<![CDATA[  모바일 화면에서 커버 슬라이드가 표시될 경우 높이를 290px로 축소합니다. ]]>
				</description>
			</variable>
		</variablegroup>
	</variables>
</skin>
