<?xml version="1.0" encoding="utf-8"?>
<skin>
	<information>
		<name>반응형 스쿨룩</name>
		<version>1.2.0</version>
		<description>
			<![CDATA[ 차분하고 클래식한 느낌의 블로그에 적합한 심플한 1단 스킨입니다. ]]>
		</description>
		<license>
			<![CDATA[ MIT License ]]>
		</license>
	</information>
	<author>
		<name>responsive school look</name>
		<homepage>https://blogpack.tistory.com</homepage>
		<email>extflash@gmail.com</email>
	</author>
	<default>
		<entriesOnPage>8</entriesOnPage>
		<entriesOnList>8</entriesOnList>
		<recentEntries>5</recentEntries>
		<recentComments>4</recentComments>
		<recentTrackbacks>4</recentTrackbacks>
		<itemsOnGuestbook>10</itemsOnGuestbook>
		<tagsInCloud>30</tagsInCloud>
		<sortInCloud>3</sortInCloud>
		<expandComment>1</expandComment>
		<lengthOfRecentNotice>25</lengthOfRecentNotice>
		<lengthOfRecentEntry>27</lengthOfRecentEntry>
		<lengthOfRecentComment>30</lengthOfRecentComment>
		<lengthOfRecentTrackback>30</lengthOfRecentTrackback>
		<lengthOfLink>30</lengthOfLink>
		<showListOnCategory>1</showListOnCategory>
		<showListOnArchive>1</showListOnArchive>
		<commentMessage>
			<none>0</none>
			<single>1</single>
		</commentMessage>
		<trackbackMessage>
			<none>0</none>
			<single>1</single>
		</trackbackMessage>
		<tree>
			<color>000000</color>
			<bgColor>ffffff</bgColor>
			<activeColor>000000</activeColor>
			<activeBgColor>eeeeee</activeBgColor>
			<labelLength>27</labelLength>
			<showValue>1</showValue>
		</tree>
		<contentWidth>960</contentWidth>
		<cover>
		<![CDATA[
		[
			{
				"name": "cover-slider",
				"title": "",
				"dataType": "CUSTOM",
				"data": [
					{
						"title": "봄텃밭 가꿈이 모집",
						"summary": "봄을 맞아 뒷 운동장에 조성되는 텃밭을 가꿀 학생을 모집합니다.",
						"url": "",
						"thumbnail": "https://k.kakaocdn.net/dn/B8cuL/btqtUkQXIgb/T9ox34EGy2jtEmREZM3gmK/img.jpg "
					},
					{
						"title": "도서실 도여 반납 시간 연장 안내",
						"summary": "도서 반납 시간이 오후 5시까지로 1시간 연장되었습니다.",
						"url": "",
						"thumbnail": "https://k.kakaocdn.net/dn/UzWap/btqtWherBze/FBC0WGOlX1daQpDTsYhVL1/img.jpg"
					},
					{
						"title": "이달의 베스트 선행",
						"summary": "이달의 최고 학생을 선발해 카카오 문구 세트를 포상합니다. 해당되는 학생은 12일 점심시간중에 상품을 수령해 가시기 바랍니다.",
						"url": "",
						"thumbnail": "https://k.kakaocdn.net/dn/bjxBVE/btqtVIJ7SjI/SSKEXkXcDkPKNdmfzoLK21/img.jpg"
					}
				]
			},
			{
				"name": "cover-thumbnail-list",
				"title": "운동장",
				"dataType": "CUSTOM",
				"data": [
					{
						"title": "오늘도 달린다.",
						"summary": "",
						"url": "",
						"thumbnail": "https://k.kakaocdn.net/dn/UzWap/btqtWherBze/FBC0WGOlX1daQpDTsYhVL1/img.jpg"
					},
					{
						"title": "해질무렵",
						"summary": "",
						"url": "",
						"thumbnail": "https://k.kakaocdn.net/dn/Ir7dX/btqtVevWjEF/s9h0Ys61rXvEWvQbwKD4Bk/img.jpg"
					},
					{
						"title": "아침 등교길",
						"summary": "",
						"url": "",
						"thumbnail": "https://k.kakaocdn.net/dn/4q9AP/btqtSMOdFH6/81YyjKnK80oWVpOemW6znK/img.jpg"
					},
					{
						"title": "미래의 호날두",
						"summary": "",
						"url": "",
						"thumbnail": "https://k.kakaocdn.net/dn/xOOhx/btqtUAlKJyM/20YoZRPw8sJK6rXSaOVq6K/img.jpg"
					}
				]
			},
			{
				"name": "cover-list",
				"title": "생활관.",
				"dataType": "CUSTOM",
				"data": [
					{
						"title": "봄텃밭 가꿈이 모집",
						"summary": "봄을 맞아 뒷 운동장에 조성되는 텃밭을 가꿀 학생을 모집합니다.",
						"url": "",
						"thumbnail": "https://k.kakaocdn.net/dn/lRFAJ/btqtSKXacZN/SvqZbmvLR0axMNQvbgXtgK/img.jpg"
					},
					{
						"title": "도서실 도여 반납 시간 연장 안내",
						"summary": "도서 반납 시간이 오후 5시까지로 1시간 연장되었습니다.",
						"url": "",
						"thumbnail": "https://k.kakaocdn.net/dn/cNKYHz/btqtVJI1eil/9ZiUPCsCFFYZTAYeQDkO71/img.jpg"
					},
					{
						"title": "이달의 베스트 선행",
						"summary": "이달의 최고 학생을 선발해 카카오 문구 세트를 포상합니다. 해당되는 학생은 12일 점심시간중에 상품을 수령해 가시기 바랍니다.",
						"url": "",
						"thumbnail": "https://k.kakaocdn.net/dn/em8y0H/btqtWixEBTy/lGMp8KPg1bSGKgYdIMP2WK/img.jpg"
					}
				]
			},
			{
				"name": "cover-gallery",
				"title": "추억의 일기장",
				"dataType": "CUSTOM",
				"data": [
					{
						"title": "오늘도 달린다.",
						"summary": "",
						"url": "",
						"thumbnail": "https://k.kakaocdn.net/dn/bDutFY/btqtVIi2Oia/42ecqCrprL4GRBL9EIu7X0/img.jpg"
					},
					{
						"title": "해질무렵",
						"summary": "",
						"url": "",
						"thumbnail": "https://k.kakaocdn.net/dn/caXS6I/btqtSyWWHeY/5zvUDeqTTaRxtemE4rOKKk/img.jpg"
					},
					{
						"title": "아침 등교길",
						"summary": "",
						"url": "",
						"thumbnail": "https://k.kakaocdn.net/dn/kXqfK/btqtVdRmINU/5ZKHGydCknokKrIZPhUqu0/img.jpg"
					},
					{
						"title": "미래의 호날두",
						"summary": "",
						"url": "",
						"thumbnail": "https://k.kakaocdn.net/dn/B8cuL/btqtUkQXIgb/T9ox34EGy2jtEmREZM3gmK/img.jpg"
					}
				]
			}
		]
		]]>
		</cover>
	</default>
	<cover>
		<item>
			<name>cover-slider</name>
			<label><![CDATA[ 슬라이더 ]]></label>
			<description><![CDATA[ 좌우 스와이프가 가능한 슬라이더입니다. ]]></description>
		</item>
		<item>
			<name>cover-list</name>
			<label><![CDATA[ 리스트 ]]></label>
			<description><![CDATA[ 제목과 본문 내용을 주요하게 보여주는 일반 리스트입니다. ]]></description>
		</item>
		<item>
			<name>cover-thumbnail-list</name>
			<label><![CDATA[ 섬네일 리스트 ]]></label>
			<description><![CDATA[ 섬네일을 주요하게 보여주는 리스트입니다. ]]></description>
		</item>
		<item>
			<name>cover-masonry</name>
			<label><![CDATA[벽돌 리스트]]></label>
			<description><![CDATA[ 섬네일 크기에 따라 자동으로 배치되는 벽돌 리스트입니다. ]]></description>
		</item>
		<item>
			<name>cover-gallery</name>
			<label><![CDATA[ 갤러리 ]]></label>
			<description><![CDATA[ 섬네일만 나열하여 보여줍니다. 마우스오버시 타이틀이 노출됩니다. ]]></description>
		</item>
	</cover>
	<variables>
		<variable>
			<name>short-date</name>
			<label>
				<![CDATA[ 짧은 날짜 사용(년월일) ]]>
			</label>
			<type>BOOL</type>
			<option />
			<default>true</default>
			<description>
				<![CDATA[ 기본 년월일시분초 대신 짧은 년월일 표시를 사용합니다. ]]>
			</description>
		</variable>
		<variable>
			<name>view-more</name>			<label>
				<![CDATA[ 목록 더보기 ]]>
			</label>
			<type>BOOL</type>
			<option />
			<default>false</default>
			<description>
				<![CDATA[ 페이징 대신 목록 더보기를 사용합니다. ]]>
			</description>
		</variable>
		<variable>
			<name>background-color</name>
			<label>
				<![CDATA[ 스킨 배경색 선택 ]]>
			</label>
			<type>COLOR</type>
			<option />
			<default>#f5f5f5</default>
			<description>
				<![CDATA[ 스킨 배경색을 선택합니다. ]]>
			</description>
		</variable>
		<variable>
			<name>category-color</name>
			<label>
				<![CDATA[ 카테고리 메뉴 배경색 선택 ]]>
			</label>
			<type>COLOR</type>
			<option />
			<default>#081b33</default>
			<description>
				<![CDATA[ 상단의 카테고리 배경색을 선택합니다. ]]>
			</description>
		</variable>
		<variable>
			<name>title-color</name>
			<label>
				<![CDATA[ 블로그 타이틀 컬러 선택 ]]>
			</label>
			<type>COLOR</type>
			<option />
			<default>#081b33</default>
			<description>
				<![CDATA[ 상단 블로그 제목 색상을 선택합니다. ]]>
			</description>
		</variable>
		<variable>
			<name>footer-text</name>
			<label><![CDATA[ 푸터 텍스트 ]]></label>
			<type>STRING</type>
			<option />
			<default></default>
			<description><![CDATA[ 푸터 텍스트를 입력해주세요. ]]></description>
		</variable>
		<variable>
			<name>footer-image</name>
			<label><![CDATA[ 푸터 이미지 ]]></label>
			<type>IMAGE</type>
			<option />
			<default></default>
			<description><![CDATA[ 푸터 이미지를 변경합니다. ]]></description>
		</variable>
		<variable>
			<name>sns-pinterest</name>
			<label><![CDATA[ Pinterest URL ]]></label>
			<type>STRING</type>
			<option />
			<default></default>
			<description><![CDATA[ Pinterest URL를 입력해주세요. ]]></description>
		</variable>
		<variable>
			<name>sns-facebook</name>
			<label><![CDATA[ Facebook URL ]]></label>
			<type>STRING</type>
			<option />
			<default></default>
			<description><![CDATA[ Facebook URL를 입력해주세요. ]]></description>
		</variable>
		<variable>
			<name>sns-twitter</name>
			<label><![CDATA[ Twitter URL ]]></label>
			<type>STRING</type>
			<option />
			<default></default>
			<description><![CDATA[ Twitter URL를 입력해주세요. ]]></description>
		</variable>
		<variable>
			<name>sns-instagram</name>
			<label><![CDATA[ Instagram URL ]]></label>
			<type>STRING</type>
			<option />
			<default></default>
			<description><![CDATA[ Instagram URL를 입력해주세요. ]]></description>
		</variable>
	</variables>
</skin>
