<?xml version="1.0" encoding="utf-8"?>
<skin>
	<information>
		<name>반응형 심플 포토폴리오A</name>
		<version>1.2.0</version>
		<description>
			<![CDATA[ 풀화면 포토슬라이더 형태의 포트폴리오 스킨입니다.
			사진 포트폴리오만 단독으로 운영하는 작품집, 홍보용 블로그에 적합합니다. ]]>
		</description>
		<license>
			<![CDATA[ MIT License ]]>
		</license>
	</information>
	<author>
		<name>responsive photopolio A</name>
		<homepage>https://blogpack.tistory.com</homepage>
		<email>extflash@gmail.com</email>
	</author>
	<default>
		<entriesOnPage>8</entriesOnPage>
		<entriesOnList>8</entriesOnList>
		<recentEntries>4</recentEntries>
		<recentComments>4</recentComments>
		<recentTrackbacks>4</recentTrackbacks>
		<itemsOnGuestbook>10</itemsOnGuestbook>
		<tagsInCloud>30</tagsInCloud>
		<sortInCloud>3</sortInCloud>
		<expandComment>1</expandComment>
		<lengthOfRecentNotice>25</lengthOfRecentNotice>
		<lengthOfRecentEntry>27</lengthOfRecentEntry>
		<lengthOfRecentComment>30</lengthOfRecentComment>
		<lengthOfRecentTrackback>30</lengthOfRecentTrackback>
		<lengthOfLink>30</lengthOfLink>
		<showListOnCategory>1</showListOnCategory>
		<showListOnArchive>1</showListOnArchive>
		<commentMessage>
			<none>0</none>
			<single>1</single>
		</commentMessage>
		<trackbackMessage>
			<none>0</none>
			<single>1</single>
		</trackbackMessage>
		<tree>
			<color>000000</color>
			<bgColor>ffffff</bgColor>
			<activeColor>000000</activeColor>
			<activeBgColor>eeeeee</activeBgColor>
			<labelLength>27</labelLength>
			<showValue>1</showValue>
		</tree>
		<contentWidth>800</contentWidth>
	</default>
	<variables>
		<variable>
			<name>short-date</name>
			<label>
				<![CDATA[ 짧은 날짜 사용(년월일) ]]>
			</label>
			<type>BOOL</type>
			<option />
			<default>true</default>
			<description>
				<![CDATA[ 기본 년월일시분초 대신 짧은 년월일 표시를 사용합니다. ]]>
			</description>
		</variable>
		<variable>
			<name>interval</name>
			<label><![CDATA[ 슬라이드 자동 넘김 간격(초) - 0 ~ 60초, 0이면 멈춤 ]]></label>
			<type>STRING</type>
			<option />
			<default>5</default>
			<description><![CDATA[ 슬라이드를 자동으로 로테이션하는 간격을 입력해주세요(숫자만 입력). ]]></description>
		</variable>
		<variable>
			<name>text-color</name>
			<label><![CDATA[ 텍스트 컬러 ]]></label>
			<type>SELECT</type>
			<option><![CDATA[[{"name":"normal","label":"흰색","value":"normal"},{"name":"invert","label":"검정색","value":"invert"}]]]></option>
			<default>normal</default>
			<description><![CDATA[ 타이틀 및 표시 텍스트의 컬러를 변경합니다. ]]></description>
		</variable>
		<variable>
			<name>sns-pinterest</name>
			<label><![CDATA[ Pinterest URL ]]></label>
			<type>STRING</type>
			<option />
			<default></default>
			<description><![CDATA[ Pinterest URL를 입력해주세요. ]]></description>
		</variable>
		<variable>
			<name>sns-facebook</name>
			<label><![CDATA[ Facebook URL ]]></label>
			<type>STRING</type>
			<option />
			<default></default>
			<description><![CDATA[ Facebook URL를 입력해주세요. ]]></description>
		</variable>
		<variable>
			<name>sns-twitter</name>
			<label><![CDATA[ Twitter URL ]]></label>
			<type>STRING</type>
			<option />
			<default></default>
			<description><![CDATA[ Twitter URL를 입력해주세요. ]]></description>
		</variable>
		<variable>
			<name>sns-instagram</name>
			<label><![CDATA[ Instagram URL ]]></label>
			<type>STRING</type>
			<option />
			<default></default>
			<description><![CDATA[ Instagram URL를 입력해주세요. ]]></description>
		</variable>
	</variables>
</skin>
