<?xml version="1.0" encoding="utf-8"?>
<skin>
	<information>
		<name>반응형 여행 다이어리</name>
		<version>1.0</version>
		<description>
			<![CDATA[ 산뜻하고 가벼운 느낌을 주는 1단 스킨입니다.
			봄 분위기를 낼 수 있는 밝고 화사한 컬러톤을 사용하고 있으며, 컬러 테아테마에 따라 다양한 느낌을 연출할 수 있습니다.
			상단 바에 캘린더가 고정되어 있어 날자별로 포스팅을 하는 여행이나 일기 형식의 블로그에 사용하기 좋습니다. ]]>
		</description>
		<license>
			<![CDATA[ MIT License ]]>
		</license>
	</information>
	<author>
		<name>responsive travel diary</name>
		<homepage>https://blogpack.tistory.com</homepage>
		<email>extflash@gmail.com</email>
	</author>
	<default>
		<entriesOnPage>8</entriesOnPage>
		<entriesOnList>8</entriesOnList>
		<recentEntries>5</recentEntries>
		<recentComments>4</recentComments>
		<recentTrackbacks>4</recentTrackbacks>
		<itemsOnGuestbook>10</itemsOnGuestbook>
		<tagsInCloud>30</tagsInCloud>
		<sortInCloud>3</sortInCloud>
		<expandComment>1</expandComment>
		<lengthOfRecentNotice>25</lengthOfRecentNotice>
		<lengthOfRecentEntry>27</lengthOfRecentEntry>
		<lengthOfRecentComment>30</lengthOfRecentComment>
		<lengthOfRecentTrackback>30</lengthOfRecentTrackback>
		<lengthOfLink>30</lengthOfLink>
		<showListOnCategory>1</showListOnCategory>
		<showListOnArchive>1</showListOnArchive>
		<commentMessage>
			<none>0</none>
			<single>1</single>
		</commentMessage>
		<trackbackMessage>
			<none>0</none>
			<single>1</single>
		</trackbackMessage>
		<tree>
			<color>000000</color>
			<bgColor>ffffff</bgColor>
			<activeColor>000000</activeColor>
			<activeBgColor>eeeeee</activeBgColor>
			<labelLength>27</labelLength>
			<showValue>1</showValue>
		</tree>
		<contentWidth>900</contentWidth>
		<cover>
		<![CDATA[
		[
			{
				"name": "cover-slider",
				"title": "",
				"dataType": "CUSTOM",
				"data": [
					{
						"title": "백팩커의 일상",
						"summary": "예정하지 않은 곳을 가보는 기쁨",
						"url": "",
						"thumbnail": "https://k.kakaocdn.net/dn/cIG0a0/btqtYsPppOh/NkTV8248NW33Y8CRlngVG0/img.jpg"
					},
					{
						"title": "여행이야기",
						"summary": "오늘도 열심히 걷는다.",
						"url": "",
						"thumbnail": "https://k.kakaocdn.net/dn/pjjAg/btqtYKWx0CM/Uo9OdYu4XubKBdnQnyMdPK/img.jpg"
					},
					{
						"title": "날씨만큼이나 맑은 마음",
						"summary": "최고의 힐링 여행지",
						"url": "",
						"thumbnail": "https://k.kakaocdn.net/dn/NCQ4J/btqtZOqpcVb/VQDcKih9H4UKgVDsAUML51/img.jpg"
					}
				]
			},
			{
				"name": "cover-thumbnail-list",
				"title": "가볍게 떠나는 여행",
				"dataType": "CUSTOM",
				"data": [
					{
						"title": "가볍게 떠난날",
						"summary": "",
						"url": "",
						"thumbnail": "https://k.kakaocdn.net/dn/RiBp3/btqtYt1OGDx/XNAvKSihIBk69vGqNTOWu1/img.jpg"
					},
					{
						"title": "로드트립",
						"summary": "",
						"url": "",
						"thumbnail": "https://k.kakaocdn.net/dn/bK9QLR/btqtZOYfNY9/3m01Rg3v6ydchFfRSr8Gvk/img.jpg"
					},
					{
						"title": "이길이 아닌듯...",
						"summary": "",
						"url": "",
						"thumbnail": "https://k.kakaocdn.net/dn/cmGEjY/btqtY8QctpG/KTHBpnuRlQ81hWZ5wdMZ6K/img.jpg"
					},
					{
						"title": "다리가 아프다.",
						"summary": "",
						"url": "",
						"thumbnail": "https://k.kakaocdn.net/dn/bDobye/btqtYLA9TDs/KpEfWDYaNTmjbSk0lHmR51/img.jpg"
					}
				]
			},
			{
				"name": "cover-list",
				"title": "여행 사진들.",
				"dataType": "CUSTOM",
				"data": [
					{
						"title": "인생샷",
						"summary": "이쯤은 찍어줘야 여행사진인듯...",
						"url": "",
						"thumbnail": "https://k.kakaocdn.net/dn/Pmc7l/btqtYLnDKzu/yW9AnoNF1sD7TtQTGwUHx1/img.jpg"
					},
					{
						"title": "추억보정용",
						"summary": "여행은 망했지만 위안이 되는 사진 한장.",
						"url": "",
						"thumbnail": "https://k.kakaocdn.net/dn/cxUS0N/btqt0aNxaJ1/8X4c28hviU5uqf300kRT4k/img.jpg"
					},
					{
						"title": "이달의 베스트 사진",
						"summary": "돈쓰고 사서 고생한 여행이지만 다시가고 싶게 만드는 사진.",
						"url": "",
						"thumbnail": "https://k.kakaocdn.net/dn/pjjAg/btqtYKWx0CM/Uo9OdYu4XubKBdnQnyMdPK/img.jpg"
					}
				]
			},
			{
				"name": "cover-gallery",
				"title": "하드 백패커",
				"dataType": "CUSTOM",
				"data": [
					{
						"title": "백팩커 탐험기1",
						"summary": "",
						"url": "",
						"thumbnail": "https://k.kakaocdn.net/dn/NCQ4J/btqtZOqpcVb/VQDcKih9H4UKgVDsAUML51/img.jpg"
					},
					{
						"title": "백팩커 탐험기2",
						"summary": "",
						"url": "",
						"thumbnail": "https://k.kakaocdn.net/dn/RiBp3/btqtYt1OGDx/XNAvKSihIBk69vGqNTOWu1/img.jpg"
					},
					{
						"title": "백팩커 탐험기3",
						"summary": "",
						"url": "",
						"thumbnail": "https://k.kakaocdn.net/dn/bK9QLR/btqtZOYfNY9/3m01Rg3v6ydchFfRSr8Gvk/img.jpg"
					},
					{
						"title": "백팩커 탐험기4",
						"summary": "",
						"url": "",
						"thumbnail": "https://k.kakaocdn.net/dn/cmGEjY/btqtY8QctpG/KTHBpnuRlQ81hWZ5wdMZ6K/img.jpg"
					}
				]
			}
		]
		]]>
		</cover>
	</default>
	<cover>
		<item>
			<name>cover-slider</name>
			<label><![CDATA[ 슬라이더 ]]></label>
			<description><![CDATA[ 좌우 스와이프가 가능한 슬라이더입니다. ]]></description>
		</item>
		<item>
			<name>cover-list</name>
			<label><![CDATA[ 리스트 ]]></label>
			<description><![CDATA[ 제목과 본문 내용을 주요하게 보여주는 일반 리스트입니다. ]]></description>
		</item>
		<item>
			<name>cover-thumbnail-list</name>
			<label><![CDATA[ 섬네일 리스트 ]]></label>
			<description><![CDATA[ 섬네일을 주요하게 보여주는 리스트입니다. ]]></description>
		</item>
		<item>
			<name>cover-masonry</name>
			<label><![CDATA[벽돌 리스트]]></label>
			<description><![CDATA[ 섬네일 크기에 따라 자동으로 배치되는 벽돌 리스트입니다. ]]></description>
		</item>
		<item>
			<name>cover-gallery</name>
			<label><![CDATA[ 갤러리 ]]></label>
			<description><![CDATA[ 섬네일만 나열하여 보여줍니다. 마우스오버시 타이틀이 노출됩니다. ]]></description>
		</item>
	</cover>
	<variables>
		<variable>
			<name>short-date</name>
			<label>
				<![CDATA[ 짧은 날짜 사용(년월일) ]]>
			</label>
			<type>BOOL</type>
			<option />
			<default>true</default>
			<description>
				<![CDATA[ 기본 년월일시분초 대신 짧은 년월일 표시를 사용합니다. ]]>
			</description>
		</variable>
		<variable>
			<name>view-more</name>			<label>
				<![CDATA[ 목록 더보기 ]]>
			</label>
			<type>BOOL</type>
			<option />
			<default>false</default>
			<description>
				<![CDATA[ 페이징 대신 목록 더보기를 사용합니다. ]]>
			</description>
		</variable>
		<variable>
			<name>fullcover</name>
			<label>
				<![CDATA[ 전체너비 커버 슬라이더 ]]>
			</label>
			<type>BOOL</type>
			<option />
			<default>true</default>
			<description>
				<![CDATA[ 브라우저 가로 너비 크기로 커버 슬라이더 너비를 넓힙니다. 커버 슬라이더 사용시에만 적용됩니다.]]>
			</description>
		</variable>
		<variable>
			<name>bgimg</name>
			<label>
				<![CDATA[ 배경 이미지 사용 ]]>
			</label>
			<type>BOOL</type>
			<option />
			<default>true</default>
			<description>
				<![CDATA[ 업로드한 배경 이미지를 표시할지 여부를 정합니다.]]>
			</description>
		</variable>
		<variable>
			<name>color-theme</name>
			<label><![CDATA[ 컬러 테마 ]]></label>
			<description><![CDATA[ 스킨 테마 컬러를 선택해주세요. ]]></description>
			<type>SELECT</type>
			<option><![CDATA[[{"name":"pink","label":"기본핑크(Pink)","value":"color-pink"},{"name":"mint","label":"민트(Mint)","value":"color-mint"},{"name":"yellow","label":"옐로우(Yellow)","value":"color-yellow"},{"name":"mono","label":"모노(Mono)","value":"color-mono"}]]]></option>
			<default>color-pink</default>
		</variable>
		<variable>
			<name>footer-text</name>
			<label><![CDATA[ 푸터 텍스트 ]]></label>
			<type>STRING</type>
			<option />
			<default></default>
			<description><![CDATA[ 푸터 텍스트를 입력해주세요. ]]></description>
		</variable>
		<variable>
			<name>footer-image</name>
			<label><![CDATA[ 푸터 이미지 ]]></label>
			<type>IMAGE</type>
			<option />
			<default></default>
			<description><![CDATA[ 푸터 이미지를 변경합니다. ]]></description>
		</variable>
		<variable>
			<name>sns-pinterest</name>
			<label><![CDATA[ Pinterest URL ]]></label>
			<type>STRING</type>
			<option />
			<default></default>
			<description><![CDATA[ Pinterest URL를 입력해주세요. ]]></description>
		</variable>
		<variable>
			<name>sns-facebook</name>
			<label><![CDATA[ Facebook URL ]]></label>
			<type>STRING</type>
			<option />
			<default></default>
			<description><![CDATA[ Facebook URL를 입력해주세요. ]]></description>
		</variable>
		<variable>
			<name>sns-twitter</name>
			<label><![CDATA[ Twitter URL ]]></label>
			<type>STRING</type>
			<option />
			<default></default>
			<description><![CDATA[ Twitter URL를 입력해주세요. ]]></description>
		</variable>
		<variable>
			<name>sns-instagram</name>
			<label><![CDATA[ Instagram URL ]]></label>
			<type>STRING</type>
			<option />
			<default></default>
			<description><![CDATA[ Instagram URL를 입력해주세요. ]]></description>
		</variable>
	</variables>
</skin>
