<?xml version="1.0" encoding="utf-8"?>
<skin>
	<information>
		<name>MinimalB</name>
		<version>1.0</version>
		<description>
			<![CDATA[ 레이아웃 너비를 6000px 크기로 제작한 미니멀 스킨입니다. 
			컨텐츠 너비는 540px이며, 간결하고 미니멀한 블로그를 원하는 분에게 추천합니다. ]]>
		</description>
		<license>
			<![CDATA[ MIT License ]]>
		</license>
	</information>
	<author>
		<name>aPost</name>
		<homepage>https://blogpack.tistory.com</homepage>
		<email>extflash@gmail.com</email>
	</author>
	<default>
		<entriesOnPage>8</entriesOnPage>
		<entriesOnList>8</entriesOnList>
		<recentEntries>5</recentEntries>
		<recentComments>4</recentComments>
		<recentTrackbacks>4</recentTrackbacks>
		<itemsOnGuestbook>10</itemsOnGuestbook>
		<tagsInCloud>30</tagsInCloud>
		<sortInCloud>3</sortInCloud>
		<expandComment>1</expandComment>
		<lengthOfRecentNotice>25</lengthOfRecentNotice>
		<lengthOfRecentEntry>27</lengthOfRecentEntry>
		<lengthOfRecentComment>30</lengthOfRecentComment>
		<lengthOfRecentTrackback>30</lengthOfRecentTrackback>
		<lengthOfLink>30</lengthOfLink>
		<showListOnCategory>1</showListOnCategory>
		<showListOnArchive>1</showListOnArchive>
		<commentMessage>
			<none>0</none>
			<single>1</single>
		</commentMessage>
		<trackbackMessage>
			<none>0</none>
			<single>1</single>
		</trackbackMessage>
		<tree>
			<color>000000</color>
			<bgColor>ffffff</bgColor>
			<activeColor>000000</activeColor>
			<activeBgColor>eeeeee</activeBgColor>
			<labelLength>27</labelLength>
			<showValue>1</showValue>
		</tree>
		<contentWidth>540</contentWidth>
		<cover>
<![CDATA[
		[
			{
				"name": "cover-slider",
				"title": "",
				"dataType": "CUSTOM",
				"data": [
					{
						"title": "슬라이더 예시입니다.",
						"summary": "",
						"url": "",
						"thumbnail": "https://t1.daumcdn.net/cfile/tistory/9929F0435C7177DE1E"
					},
					{
						"title": "정보를 직접 입력하시거나",
						"summary": "",
						"url": "",
						"thumbnail": "https://t1.daumcdn.net/cfile/tistory/993A8C425C7177DE27"
					},
					{
						"title": "기존 게시물을 배치할 수 있습니다.",
						"summary": "",
						"url": "",
						"thumbnail": "https://t1.daumcdn.net/cfile/tistory/9998753C5C7177DE19"
					}
				]
			},
			{
				"name": "cover-thumbnail-list",
				"title": "섬네일 리스트 예시",
				"dataType": "CUSTOM",
				"data": [
					{
						"title": "아이템 수정을 통해",
						"summary": "",
						"url": "",
						"thumbnail": "https://t1.daumcdn.net/cfile/tistory/99C63E505C7177DD1C"
					},
					{
						"title": "여러분의 게시물을",
						"summary": "",
						"url": "",
						"thumbnail": "https://t1.daumcdn.net/cfile/tistory/99504F3B5C7177DD18"
					},
					{
						"title": "최신순으로",
						"summary": "",
						"url": "",
						"thumbnail": "https://t1.daumcdn.net/cfile/tistory/99A395375C7177DD0F"
					},
					{
						"title": "노출할 수 있습니다.",
						"summary": "",
						"url": "",
						"thumbnail": "https://t1.daumcdn.net/cfile/tistory/99B35A4F5C7177DD3E"
					}
				]
			},
			{
				"name": "cover-masonry",
				"title": "벽돌 리스트 예시",
				"dataType": "CUSTOM",
				"data": [
					{
						"title": "콘텐츠 선택 (1)",
						"summary": "카테고리별 최신글 노출, 특정 글 선택, 직접 입력 등 다양한 방식으로 여러분의 티스토리 첫화면을 꾸밀 수 있습니다.",
						"url": "",
						"thumbnail": "https://t1.daumcdn.net/cfile/tistory/99E03D445C7177DD12"
					},
					{
						"title": "콘텐츠 선택 (2)",
						"summary": "여러분의 콘텐츠로 첫 화면을 멋지게 장식해주세요.",
						"url": "",
						"thumbnail": "https://t1.daumcdn.net/cfile/tistory/994FB8435C7177DD15"
					},
					{
						"title": "아이템 선택 (1)",
						"summary": "커버 아이템의 종류와 순서를 편집해보세요. 하나의 스킨으로 다양한 홈 화면을 만들어낼 수 있습니다.",
						"url": "",
						"thumbnail": "https://t1.daumcdn.net/cfile/tistory/9904F2455C7177DD22"
					},
					{
						"title": "아이템 선택 (2)",
						"summary": "하나의 커버 아이템을 여러 번 삽입하는 것도 가능합니다.",
						"url": "",
						"thumbnail": "https://t1.daumcdn.net/cfile/tistory/9906A6505C7177DD21"
					},
					{
						"title": "스킨옵션 (1)",
						"summary": "스킨 옵션으로도 첫화면을 다르게 설정할 수 있습니다. ",
						"url": "",
						"thumbnail": "https://t1.daumcdn.net/cfile/tistory/99848C465C7177DD21"
					},
					{
						"title": "스킨 옵션 (2)",
						"summary": "Poster 스킨에서는 목록 더보기, 컬러 타입, 리스트 타입, 푸터 영역 정보 등 여러 옵션을 제공합니다.",
						"url": "",
						"thumbnail": "https://t1.daumcdn.net/cfile/tistory/99B7AB4C5C7179342F"
					}
				]
			},
			{
				"name": "cover-list",
				"title": "리스트 예시: 게시물이 존재할 경우 최근 3건을 노출합니다.",
				"dataType": "RECENT",
				"data": {
					"category": "ALL",
					"size": "3"
				}
			},
			{
				"name": "cover-gallery",
				"title": "갤러리 예시: 게시물이 존재할 경우 최근 4건을 노출합니다.",
				"dataType": "RECENT",
				"data": {
					"category": "ALL",
					"size": "4"
				}
			}
		]
		]]>
		</cover>
	</default>
	<cover>
		<item>
			<name>cover-slider</name>
			<label><![CDATA[ 슬라이더 ]]></label>
			<description><![CDATA[ 좌우 스와이프가 가능한 슬라이더입니다. ]]></description>
		</item>
		<item>
			<name>cover-list</name>
			<label><![CDATA[ 리스트 ]]></label>
			<description><![CDATA[ 제목과 본문 내용을 주요하게 보여주는 일반 리스트입니다. ]]></description>
		</item>
		<item>
			<name>cover-thumbnail-list</name>
			<label><![CDATA[ 섬네일 리스트 ]]></label>
			<description><![CDATA[ 섬네일을 주요하게 보여주는 리스트입니다. ]]></description>
		</item>
		<item>
			<name>cover-masonry</name>
			<label><![CDATA[벽돌 리스트]]></label>
			<description><![CDATA[ 섬네일 크기에 따라 자동으로 배치되는 벽돌 리스트입니다. ]]></description>
		</item>
		<item>
			<name>cover-gallery</name>
			<label><![CDATA[ 갤러리 ]]></label>
			<description><![CDATA[ 섬네일만 나열하여 보여줍니다. 마우스오버시 타이틀이 노출됩니다. ]]></description>
		</item>
	</cover>
	<variables>
		<variable>
			<name>short-date</name>
			<label>
				<![CDATA[ 짧은 날짜 사용(년월일) ]]>
			</label>
			<type>BOOL</type>
			<option />
			<default>true</default>
			<description>
				<![CDATA[ 기본 년월일시분초 대신 짧은 년월일 표시를 사용합니다. ]]>
			</description>
		</variable>
		<variable>
			<name>view-more</name>			<label>
				<![CDATA[ 목록 더보기 ]]>
			</label>
			<type>BOOL</type>
			<option />
			<default>false</default>
			<description>
				<![CDATA[ 페이징 대신 목록 더보기를 사용합니다. ]]>
			</description>
		</variable>
		<variable>
			<name>color-highlight</name>
			<label><![CDATA[ 하이라이트 컬러 ]]></label>
			<description><![CDATA[ 하이라이트 컬러 테마를 선택해주세요. ]]></description>
			<type>SELECT</type>
			<option><![CDATA[[{"name":"blue","label":"기본블루(Blue)","value":"color-blue"}, {"name":"red","label":"레드(Red)","value":"color-red"}, {"name":"green","label":"그린(Green)","value":"color-green"}]]]></option>
			<default>color-blue</default>
		</variable>
		<variable>
			<name>color-background</name>
			<label><![CDATA[ 배경 컬러 ]]></label>
			<description><![CDATA[ 스킨 배경 컬러를 선택해주세요. ]]></description>
			<type>SELECT</type>
			<option><![CDATA[[{"name":"white","label":"기본흰색(White)","value":"color-background-white"},{"name":"lightgray","label":"옅은회색(LightGray)","value":"color-background-lightgray"},{"name":"darkgray","label":"진한회색(DarkGray)","value":"color-background-darkgray"},{"name":"black","label":"검정(Black)","value":"color-background-black"}]]]></option>
			<default>color-background-white</default>
		</variable>
		<variable>
			<name>shape-type</name>
			<label><![CDATA[ 테두리 타입 ]]></label>
			<description><![CDATA[ 테두리 타입을 선택해주세요. ]]></description>
			<type>SELECT</type>
			<option><![CDATA[[{"name":"line","label":"기본사각라인(Line)","value":"shape-line"},{"name":"linenomargin","label":"여백없는사각라인(LineNoMargin)","value":"shape-line-nomargin"},{"name":"lineround","label":"둥근테두리라인(RoundLine)","value":"shape-line-round"},{"name":"shadow","label":"사각테두리그림자(Shadow)","value":"shape-shadow"},{"name":"shadowround","label":"둥근테두리그림자(ShadowRound)","value":"shape-shadow-round"},{"name":"shadownomargin","label":"여백없는그림자(ShadowNoMargin)","value":"shape-shadow-nomargin"}]]]></option>
			<default>shape-line</default>
		</variable>
		<variable>
			<name>footer-text</name>
			<label><![CDATA[ 푸터 텍스트 ]]></label>
			<type>STRING</type>
			<option />
			<default></default>
			<description><![CDATA[ 푸터 텍스트를 입력해주세요. ]]></description>
		</variable>
		<variable>
			<name>footer-image</name>
			<label><![CDATA[ 푸터 이미지 ]]></label>
			<type>IMAGE</type>
			<option />
			<default></default>
			<description><![CDATA[ 푸터 이미지를 변경합니다. ]]></description>
		</variable>
		<variable>
			<name>sns-pinterest</name>
			<label><![CDATA[ Pinterest URL ]]></label>
			<type>STRING</type>
			<option />
			<default></default>
			<description><![CDATA[ Pinterest URL를 입력해주세요. ]]></description>
		</variable>
		<variable>
			<name>sns-facebook</name>
			<label><![CDATA[ Facebook URL ]]></label>
			<type>STRING</type>
			<option />
			<default></default>
			<description><![CDATA[ Facebook URL를 입력해주세요. ]]></description>
		</variable>
		<variable>
			<name>sns-twitter</name>
			<label><![CDATA[ Twitter URL ]]></label>
			<type>STRING</type>
			<option />
			<default></default>
			<description><![CDATA[ Twitter URL를 입력해주세요. ]]></description>
		</variable>
		<variable>
			<name>sns-instagram</name>
			<label><![CDATA[ Instagram URL ]]></label>
			<type>STRING</type>
			<option />
			<default></default>
			<description><![CDATA[ Instagram URL를 입력해주세요. ]]></description>
		</variable>
	</variables>
</skin>
